Date,Region,Supplier,Product Category,Inventory Level,Turnover Rate,Delivery Time (Days),Delivery Quality Score,Logistics Cost,Logistics Time (Days),Production Line,Production Efficiency (%),Order Fulfillment Rate (%),Year,Month
2023-05-20,Europe,Supplier A,Dairy Products,4570,11.88,5,3.3,8143.64,9,Line 2,73.76,89.99,2023,5
2023-10-23,North America,Supplier A,Frozen Foods,484,11.87,15,4.96,6217.37,5,Line 2,97.39,77.75,2023,10
2022-07-05,Asia,Supplier B,Dairy Products,1520,17.36,2,6.22,4879.43,2,Line 4,86.86,78.67,2022,7
2023-03-31,South America,Supplier C,Cereals,376,11.6,2,9.57,9348.04,6,Line 4,82.31,93.05,2023,3
2024-02-05,Africa,Supplier D,Cereals,3143,2.39,25,1.96,5991.57,9,Line 3,69.17,93.59,2024,2
2024-03-05,Asia,Supplier A,Confectionery,2871,2.11,22,1.26,7166.1,3,Line 3,83.35,74.04,2024,3
2022-06-29,South America,Supplier D,Confectionery,2398,12.87,20,9.01,8006.61,14,Line 1,54.72,99.77,2022,6
2023-09-24,Africa,Supplier A,Prepared Foods,783,4.56,18,6.91,3395.82,10,Line 4,76.72,91.58,2023,9
2023-05-01,South America,Supplier D,Baking Products,3892,16.89,4,7.77,7548.58,4,Line 3,98.33,88.96,2023,5
2023-06-01,Europe,Supplier B,Cereals,1542,1.37,2,6.31,437.0,4,Line 1,61.81,91.43,2023,6
2022-10-11,South America,Supplier B,Confectionery,4370,6.19,5,3.93,8924.6,1,Line 1,96.1,80.73,2022,10
2023-05-30,South America,Supplier B,Dairy Products,4989,19.48,6,2.51,1995.78,6,Line 3,61.9,80.83,2023,5
2022-10-11,North America,Supplier B,Prepared Foods,4757,3.23,2,4.33,5328.35,13,Line 4,62.82,91.31,2022,10
2023-07-16,Asia,Supplier A,Pet Care,2852,6.77,7,6.46,2068.56,2,Line 2,63.09,82.37,2023,7
2023-07-21,Europe,Supplier C,Beverages,2187,19.23,20,3.6,9008.0,15,Line 1,90.65,79.91,2023,7
2022-09-15,Europe,Supplier A,Baking Products,4201,11.95,24,3.95,8885.49,3,Line 4,59.52,90.75,2022,9
2023-11-23,North America,Supplier D,Cereals,1532,4.92,30,5.38,754.76,7,Line 4,87.94,90.19,2023,11
2023-10-05,Africa,Supplier D,Frozen Foods,3839,18.29,18,3.32,3390.41,10,Line 3,62.1,87.55,2023,10
2022-07-15,Asia,Supplier C,Confectionery,4092,15.58,8,4.24,5559.71,8,Line 4,53.01,97.3,2022,7
2023-02-16,South America,Supplier A,Confectionery,1710,2.85,27,8.45,2776.31,1,Line 3,66.72,81.69,2023,2
2024-03-31,South America,Supplier A,Pet Care,3727,11.31,7,9.44,8476.22,2,Line 3,55.42,73.02,2024,3
2022-08-04,Asia,Supplier B,Confectionery,2806,16.99,1,7.85,7378.76,1,Line 3,78.47,83.59,2022,8
2023-06-21,South America,Supplier C,Frozen Foods,4719,16.98,28,9.53,4583.17,4,Line 3,86.34,98.83,2023,6
2024-02-15,South America,Supplier C,Confectionery,1467,2.86,12,8.47,5562.02,5,Line 2,50.36,95.71,2024,2
2024-05-16,South America,Supplier A,Pet Care,2120,10.67,1,8.81,8436.75,2,Line 2,78.46,91.66,2024,5
2022-09-10,Europe,Supplier A,Dairy Products,4057,1.77,14,2.04,4666.99,15,Line 1,80.45,91.86,2022,9
2023-07-02,Africa,Supplier B,Confectionery,1134,2.56,13,6.78,958.07,4,Line 1,90.29,99.6,2023,7
2022-08-12,North America,Supplier D,Dairy Products,1823,18.49,26,2.11,4841.04,10,Line 2,68.22,83.02,2022,8
2023-05-04,Europe,Supplier D,Confectionery,3897,1.89,16,1.05,2404.57,15,Line 3,98.27,89.34,2023,5
2022-08-06,North America,Supplier C,Beverages,1089,8.23,17,9.18,8952.99,15,Line 2,87.67,71.32,2022,8
2023-05-01,Africa,Supplier B,Frozen Foods,4894,15.81,21,1.28,2882.05,2,Line 4,90.57,96.75,2023,5
2022-09-21,South America,Supplier D,Pet Care,1371,5.23,25,4.52,9894.62,14,Line 2,59.09,78.14,2022,9
2024-04-20,South America,Supplier C,Pet Care,804,9.9,13,2.72,6776.05,10,Line 2,93.73,81.28,2024,4
2023-09-02,Asia,Supplier A,Pet Care,4488,4.54,24,6.18,9788.23,10,Line 2,98.98,77.86,2023,9
2022-10-01,South America,Supplier A,Baby Foods,2894,14.25,15,3.45,8918.96,6,Line 4,51.04,71.58,2022,10
2024-01-07,Europe,Supplier A,Pet Care,203,5.79,12,8.43,6780.34,6,Line 3,57.85,71.1,2024,1
2022-07-13,Africa,Supplier C,Prepared Foods,4946,18.27,6,6.37,5422.13,13,Line 2,98.23,95.13,2022,7
2022-12-25,Africa,Supplier A,Prepared Foods,1795,13.11,8,2.99,3114.51,4,Line 2,95.24,95.85,2022,12
2023-06-30,Asia,Supplier C,Prepared Foods,4803,8.11,19,1.52,2162.68,8,Line 2,70.8,89.88,2023,6
2023-04-20,Asia,Supplier D,Pet Care,2442,3.92,27,9.75,4442.67,10,Line 4,68.96,97.37,2023,4
2022-08-27,North America,Supplier C,Prepared Foods,2101,9.22,10,8.66,2734.07,3,Line 2,68.49,85.81,2022,8
2023-03-27,North America,Supplier D,Prepared Foods,227,19.04,24,6.81,7855.67,12,Line 1,67.45,81.6,2023,3
2023-04-22,South America,Supplier D,Pet Care,1068,7.16,15,2.93,7266.33,3,Line 3,97.77,84.98,2023,4
2023-10-18,Asia,Supplier D,Pet Care,1653,1.62,4,5.49,731.72,6,Line 3,99.71,76.21,2023,10
2023-09-13,Asia,Supplier D,Dairy Products,2157,8.62,14,4.08,5793.56,14,Line 3,60.18,92.4,2023,9
2023-07-30,North America,Supplier A,Pet Care,2237,13.57,1,4.67,8026.98,9,Line 2,53.13,84.92,2023,7
2024-05-19,South America,Supplier C,Baking Products,4637,3.78,17,4.52,7919.42,15,Line 2,87.28,82.68,2024,5
2023-11-22,Europe,Supplier A,Ice Cream,2015,10.67,30,6.02,6823.45,1,Line 1,53.51,97.95,2023,11
2022-11-09,Asia,Supplier D,Baby Foods,4488,1.5,29,3.46,7057.15,5,Line 1,82.81,93.03,2022,11
2022-11-02,Asia,Supplier C,Ice Cream,443,11.45,28,5.77,7697.83,10,Line 4,72.1,84.39,2022,11
2022-09-06,Asia,Supplier D,Frozen Foods,3991,13.32,17,3.04,4002.09,15,Line 3,89.66,97.22,2022,9
2023-12-25,Africa,Supplier A,Prepared Foods,350,9.49,14,8.47,2171.25,6,Line 1,90.14,85.35,2023,12
2022-08-02,Asia,Supplier C,Pet Care,1175,15.87,6,9.68,8921.02,14,Line 2,82.02,97.46,2022,8
2024-03-21,Asia,Supplier C,Prepared Foods,1875,5.78,11,3.13,8435.42,15,Line 3,83.3,86.11,2024,3
2022-07-21,Asia,Supplier B,Confectionery,2016,11.76,22,7.13,2109.39,12,Line 4,54.63,88.64,2022,7
2024-02-25,North America,Supplier A,Dairy Products,1920,12.43,15,5.82,4758.17,5,Line 4,56.8,98.71,2024,2
2024-02-28,Africa,Supplier D,Baking Products,4124,2.41,21,7.52,9295.23,4,Line 1,61.4,79.08,2024,2
2022-11-22,Asia,Supplier A,Frozen Foods,2723,13.81,4,7.66,5741.61,6,Line 3,57.55,89.09,2022,11
2023-04-26,South America,Supplier B,Confectionery,4300,15.55,4,2.41,9030.66,2,Line 1,93.87,76.07,2023,4
2023-11-06,North America,Supplier C,Dairy Products,2217,13.88,25,2.92,4319.03,5,Line 4,67.66,80.43,2023,11
2024-02-16,Asia,Supplier A,Beverages,4571,10.35,17,5.25,7088.46,10,Line 3,84.94,89.92,2024,2
2023-11-13,North America,Supplier B,Dairy Products,183,8.48,30,8.3,9003.71,11,Line 4,67.98,82.84,2023,11
2023-01-15,Africa,Supplier A,Beverages,4430,18.46,11,8.02,7078.13,10,Line 3,85.98,82.6,2023,1
2023-05-25,Asia,Supplier C,Beverages,4071,10.02,18,5.4,2231.78,13,Line 1,60.5,72.43,2023,5
2023-05-25,South America,Supplier A,Baking Products,2042,6.63,26,8.35,9178.26,14,Line 1,94.59,83.25,2023,5
2023-12-03,Africa,Supplier A,Prepared Foods,4388,16.35,23,4.67,6692.5,13,Line 1,69.34,91.97,2023,12
2023-07-30,Europe,Supplier B,Baking Products,1788,6.76,14,7.07,3352.99,13,Line 1,81.66,93.91,2023,7
2022-10-03,South America,Supplier A,Dairy Products,3536,2.31,16,9.25,725.8,11,Line 4,93.51,75.75,2022,10
2023-01-03,South America,Supplier B,Dairy Products,1067,1.11,10,7.67,8877.86,10,Line 4,64.15,75.79,2023,1
2023-12-20,North America,Supplier C,Beverages,2762,17.85,6,7.34,7746.71,6,Line 2,81.79,86.31,2023,12
2022-08-20,South America,Supplier D,Pet Care,4994,3.82,14,6.56,7102.79,3,Line 2,66.13,82.05,2022,8
2023-12-25,North America,Supplier A,Frozen Foods,4097,12.34,12,7.98,9834.79,15,Line 4,77.69,72.5,2023,12
2024-04-15,North America,Supplier B,Frozen Foods,2635,4.45,17,1.89,9963.66,2,Line 1,81.54,83.83,2024,4
2024-04-08,North America,Supplier D,Prepared Foods,437,5.42,16,6.64,6499.48,6,Line 4,71.64,88.75,2024,4
2022-07-31,Europe,Supplier D,Pet Care,371,6.39,22,1.37,479.46,11,Line 4,77.83,78.64,2022,7
2023-03-20,Africa,Supplier D,Beverages,2930,19.86,24,8.55,3900.19,4,Line 3,76.37,91.35,2023,3
2022-07-22,North America,Supplier D,Dairy Products,4138,16.59,24,5.16,6675.39,10,Line 3,87.57,78.5,2022,7
2023-02-07,South America,Supplier A,Frozen Foods,4326,11.04,7,2.4,1787.97,9,Line 4,73.38,85.71,2023,2
2023-01-06,Africa,Supplier C,Baking Products,2355,7.09,6,5.54,2413.95,5,Line 3,66.8,75.0,2023,1
2023-09-23,Asia,Supplier B,Prepared Foods,3414,2.07,2,2.15,1162.86,14,Line 3,86.76,98.21,2023,9
2023-03-19,Europe,Supplier A,Dairy Products,4661,10.69,23,4.74,9327.92,10,Line 1,88.0,79.4,2023,3
2023-01-19,Asia,Supplier D,Confectionery,1216,7.25,18,5.39,9171.6,14,Line 2,88.07,97.77,2023,1
2024-02-28,Asia,Supplier C,Prepared Foods,3321,17.84,26,6.46,7936.71,14,Line 1,87.01,79.36,2024,2
2023-01-07,South America,Supplier B,Beverages,3655,1.25,5,2.79,6814.99,11,Line 3,98.28,80.59,2023,1
2024-01-10,Africa,Supplier B,Cereals,1764,17.98,23,8.97,2013.85,4,Line 3,71.97,80.21,2024,1
2022-12-04,North America,Supplier D,Beverages,1567,18.6,17,7.74,4234.46,12,Line 2,74.44,72.79,2022,12
2022-12-24,South America,Supplier C,Ice Cream,2018,3.12,12,7.82,9803.9,15,Line 1,58.93,82.55,2022,12
2023-08-28,South America,Supplier C,Frozen Foods,4822,16.9,29,7.91,2028.93,11,Line 1,76.17,89.16,2023,8
2022-09-18,Europe,Supplier C,Frozen Foods,2040,11.6,19,1.84,9286.25,4,Line 4,92.36,90.54,2022,9
2023-07-08,North America,Supplier A,Cereals,2439,12.8,27,7.28,7028.36,4,Line 4,71.61,94.1,2023,7
2023-04-21,Europe,Supplier C,Beverages,1675,16.94,15,2.5,3431.92,13,Line 3,61.15,97.99,2023,4
2022-09-07,North America,Supplier D,Dairy Products,3593,3.29,6,3.1,185.77,6,Line 2,99.71,93.37,2022,9
2023-07-27,Europe,Supplier B,Frozen Foods,4935,16.9,1,3.52,7889.7,10,Line 3,80.38,81.78,2023,7
2024-02-15,Asia,Supplier C,Ice Cream,1061,13.82,2,9.65,9406.04,11,Line 3,54.93,89.53,2024,2
2023-09-29,North America,Supplier A,Confectionery,4642,2.99,10,9.34,3102.53,13,Line 4,96.79,77.64,2023,9
2023-10-14,Europe,Supplier B,Baby Foods,4199,6.21,19,7.78,9165.13,6,Line 2,68.63,93.2,2023,10
2022-06-23,North America,Supplier D,Dairy Products,1612,18.9,2,3.4,6196.47,10,Line 2,72.52,79.06,2022,6
2023-02-04,Africa,Supplier C,Cereals,4025,18.77,29,3.4,9849.97,2,Line 4,50.98,73.7,2023,2
2023-03-22,Asia,Supplier C,Confectionery,1902,3.23,20,4.22,5411.47,13,Line 2,52.98,80.27,2023,3
2023-05-05,North America,Supplier B,Frozen Foods,657,12.99,7,2.45,5976.43,13,Line 3,76.32,77.63,2023,5
2023-09-17,South America,Supplier A,Cereals,4774,13.21,19,2.02,7496.76,9,Line 3,63.71,99.84,2023,9
2022-06-29,Asia,Supplier B,Baking Products,1993,17.92,12,3.52,5657.16,15,Line 3,99.07,93.35,2022,6
2023-06-20,South America,Supplier C,Baking Products,3808,7.39,25,6.39,777.91,9,Line 2,98.78,98.54,2023,6
2022-12-30,South America,Supplier A,Beverages,1616,7.81,5,8.96,9358.66,7,Line 4,62.52,74.83,2022,12
2023-11-17,Africa,Supplier D,Pet Care,2675,9.96,4,1.52,5150.69,6,Line 3,97.98,82.04,2023,11
2024-05-17,Asia,Supplier A,Confectionery,1434,11.0,24,9.91,9429.11,3,Line 2,81.96,85.82,2024,5
2023-10-16,Africa,Supplier B,Beverages,577,2.81,25,8.92,7003.63,2,Line 4,76.05,91.23,2023,10
2022-08-25,North America,Supplier B,Ice Cream,1350,14.89,27,4.04,7685.39,3,Line 3,56.59,93.9,2022,8
2024-05-03,South America,Supplier C,Ice Cream,435,6.69,21,3.17,2956.87,15,Line 3,72.12,92.09,2024,5
2022-08-24,North America,Supplier C,Cereals,219,16.3,9,1.74,9106.79,15,Line 2,51.78,95.3,2022,8
2023-03-17,Africa,Supplier B,Ice Cream,2348,4.24,22,7.55,399.63,15,Line 1,81.65,93.9,2023,3
2022-06-29,Africa,Supplier B,Prepared Foods,2614,2.14,26,4.44,9628.09,7,Line 2,73.17,81.69,2022,6
2023-05-31,Asia,Supplier D,Frozen Foods,3529,19.36,6,4.52,9682.31,7,Line 1,90.38,85.55,2023,5
2023-01-19,Africa,Supplier B,Pet Care,4171,9.97,2,9.65,4125.54,14,Line 3,73.18,74.33,2023,1
2023-12-12,Asia,Supplier A,Cereals,3842,18.79,9,3.36,8239.69,8,Line 1,92.03,93.2,2023,12
2022-08-20,North America,Supplier D,Pet Care,2913,7.55,17,9.98,6073.91,7,Line 1,88.01,99.43,2022,8
2024-01-29,North America,Supplier C,Ice Cream,2263,4.64,26,9.78,2703.39,15,Line 1,86.97,95.72,2024,1
2022-08-17,Asia,Supplier B,Frozen Foods,1297,2.25,13,5.67,9644.49,11,Line 3,96.14,72.02,2022,8
2022-06-01,Asia,Supplier A,Confectionery,1783,14.41,14,4.22,4835.39,11,Line 2,99.3,88.2,2022,6
2022-07-16,South America,Supplier A,Ice Cream,1377,14.46,10,7.91,5891.29,4,Line 2,62.75,83.19,2022,7
2022-09-15,Asia,Supplier A,Prepared Foods,2663,14.9,13,8.28,7012.42,12,Line 2,97.92,92.27,2022,9
2023-07-04,North America,Supplier B,Cereals,2465,17.52,28,1.53,999.7,13,Line 4,58.13,72.38,2023,7
2022-12-04,South America,Supplier B,Prepared Foods,1865,10.85,9,2.58,9009.69,6,Line 1,58.52,81.33,2022,12
2023-08-21,Africa,Supplier C,Ice Cream,2608,12.06,16,4.99,8625.04,14,Line 1,90.39,96.75,2023,8
2024-05-08,Europe,Supplier C,Prepared Foods,3762,5.88,7,8.45,5121.43,14,Line 3,54.32,73.21,2024,5
2024-05-16,South America,Supplier B,Beverages,4107,18.96,3,1.07,4992.79,7,Line 3,78.39,70.32,2024,5
2023-08-17,Asia,Supplier B,Confectionery,3360,18.27,25,1.99,2469.69,4,Line 3,99.35,75.62,2023,8
2023-05-28,Asia,Supplier B,Frozen Foods,3520,11.95,13,8.85,8715.67,11,Line 4,81.05,97.09,2023,5
2023-05-24,Africa,Supplier A,Prepared Foods,3118,3.57,9,9.71,4113.95,10,Line 3,96.24,91.4,2023,5
2022-07-03,Africa,Supplier C,Ice Cream,4674,19.78,19,6.65,8958.45,14,Line 1,82.09,80.38,2022,7
2023-02-18,Europe,Supplier A,Confectionery,3103,4.81,4,9.67,5649.93,7,Line 1,59.24,87.31,2023,2
2022-12-25,South America,Supplier B,Pet Care,146,9.99,5,1.16,5516.86,6,Line 2,86.87,75.6,2022,12
2023-11-13,North America,Supplier C,Prepared Foods,1787,19.16,23,4.48,9424.95,1,Line 4,93.56,93.35,2023,11
2022-06-07,South America,Supplier C,Pet Care,1991,8.78,16,2.18,5502.3,12,Line 2,53.82,71.2,2022,6
2023-02-05,Africa,Supplier A,Ice Cream,4868,8.39,30,5.32,4599.46,7,Line 1,90.53,76.0,2023,2
2022-07-06,Asia,Supplier A,Baby Foods,1932,10.64,12,6.32,1634.79,10,Line 4,69.79,75.94,2022,7
2022-07-19,Africa,Supplier C,Dairy Products,3106,10.58,19,8.42,5237.15,14,Line 2,74.8,81.61,2022,7
2024-03-16,North America,Supplier B,Baby Foods,4422,6.43,14,8.26,3547.98,13,Line 2,84.02,79.31,2024,3
2023-09-20,Asia,Supplier B,Baby Foods,4711,4.22,5,4.37,2087.55,6,Line 4,51.16,87.35,2023,9
2023-07-18,South America,Supplier A,Ice Cream,1830,6.72,18,2.74,4564.73,11,Line 3,63.23,95.01,2023,7
2023-01-07,Europe,Supplier C,Dairy Products,2884,18.75,12,1.95,2736.83,13,Line 2,63.73,78.94,2023,1
2024-01-10,North America,Supplier C,Beverages,3905,7.55,27,3.16,5958.84,4,Line 3,71.93,86.25,2024,1
2023-04-17,Africa,Supplier B,Ice Cream,4210,6.03,27,2.66,3695.95,8,Line 3,77.41,97.95,2023,4
2023-01-15,North America,Supplier B,Frozen Foods,3287,13.21,20,6.86,1155.71,12,Line 1,96.17,97.84,2023,1
2022-12-24,North America,Supplier D,Confectionery,2178,14.3,7,7.49,8959.74,1,Line 4,52.37,94.86,2022,12
2023-01-28,Europe,Supplier C,Pet Care,3117,7.42,6,6.77,3195.02,10,Line 1,53.05,75.17,2023,1
2023-07-22,North America,Supplier C,Baby Foods,4227,9.21,23,1.83,9497.81,9,Line 3,77.53,75.79,2023,7
2022-07-26,South America,Supplier A,Baby Foods,2154,17.24,19,2.93,1676.95,8,Line 2,93.77,96.13,2022,7
2023-10-01,Europe,Supplier A,Baby Foods,1895,19.7,6,7.97,7115.94,3,Line 1,89.77,86.98,2023,10
2023-02-04,Asia,Supplier D,Cereals,55,19.07,14,8.55,5350.54,2,Line 1,53.01,86.89,2023,2
2022-06-11,Europe,Supplier A,Prepared Foods,3674,3.67,25,5.88,9641.68,1,Line 1,72.19,72.21,2022,6
2022-06-16,Europe,Supplier D,Ice Cream,2856,3.37,2,7.85,8265.15,7,Line 3,89.61,77.43,2022,6
2024-04-06,Africa,Supplier D,Dairy Products,345,16.97,15,8.1,368.75,4,Line 2,53.69,73.28,2024,4
2022-09-16,South America,Supplier A,Baking Products,4847,6.02,10,1.85,2740.04,7,Line 3,95.56,81.91,2022,9
2023-08-07,North America,Supplier B,Pet Care,798,18.55,5,9.35,3898.7,1,Line 3,79.25,73.48,2023,8
2022-07-19,Africa,Supplier D,Frozen Foods,813,7.3,18,4.96,8509.37,3,Line 4,76.93,95.99,2022,7
2023-07-14,Asia,Supplier B,Baby Foods,2480,18.05,28,2.26,3975.39,2,Line 4,56.46,82.26,2023,7
2024-04-17,South America,Supplier D,Dairy Products,3094,10.55,11,3.64,2927.88,9,Line 4,58.0,77.18,2024,4
2023-04-07,North America,Supplier A,Frozen Foods,4133,4.94,14,6.16,2643.14,8,Line 3,87.46,73.43,2023,4
2024-04-06,Africa,Supplier D,Prepared Foods,1917,5.34,8,1.55,2394.16,11,Line 2,74.64,80.2,2024,4
2023-07-22,Africa,Supplier A,Baking Products,68,2.98,11,8.41,2771.49,2,Line 1,79.02,91.83,2023,7
2023-09-18,Asia,Supplier D,Ice Cream,1587,16.96,7,8.51,6653.89,1,Line 2,70.44,92.27,2023,9
2024-01-18,Africa,Supplier D,Confectionery,2595,6.16,26,6.11,3909.02,6,Line 3,92.92,77.8,2024,1
2024-03-28,North America,Supplier C,Baby Foods,974,3.85,25,5.4,9790.5,14,Line 3,68.77,75.96,2024,3
2023-09-28,Europe,Supplier B,Confectionery,230,12.17,23,7.32,2599.29,13,Line 3,61.81,89.8,2023,9
2022-10-08,North America,Supplier C,Prepared Foods,4343,9.87,5,6.02,1354.35,5,Line 4,86.25,85.92,2022,10
2023-03-08,Africa,Supplier C,Pet Care,605,12.07,8,5.74,917.2,9,Line 4,71.66,88.86,2023,3
2022-08-09,Asia,Supplier B,Frozen Foods,4420,11.25,23,3.18,9492.32,6,Line 3,81.04,76.49,2022,8
2023-05-03,South America,Supplier D,Dairy Products,3810,3.73,21,9.51,4520.78,2,Line 4,92.15,71.16,2023,5
2024-04-10,Asia,Supplier B,Beverages,4656,8.79,23,6.27,9864.87,6,Line 2,74.56,71.05,2024,4
2023-06-08,North America,Supplier D,Frozen Foods,1103,7.09,7,9.64,4346.57,5,Line 4,82.38,72.93,2023,6
2022-07-06,North America,Supplier D,Baby Foods,162,4.24,12,1.74,4401.47,14,Line 1,56.2,99.02,2022,7
2023-09-26,Africa,Supplier A,Frozen Foods,1895,14.65,13,2.66,5387.18,15,Line 2,76.14,86.63,2023,9
2023-08-26,Africa,Supplier A,Baking Products,2624,3.12,9,3.93,7568.32,14,Line 2,74.17,93.31,2023,8
2024-04-01,Africa,Supplier C,Prepared Foods,2945,2.92,11,7.98,3783.95,4,Line 2,77.32,79.16,2024,4
2022-08-30,South America,Supplier D,Baby Foods,3484,12.81,5,8.32,8015.85,1,Line 2,98.02,98.67,2022,8
2023-06-02,Asia,Supplier A,Baby Foods,1274,9.51,1,9.45,8640.31,3,Line 2,93.69,97.36,2023,6
2022-07-27,Asia,Supplier A,Pet Care,3252,2.28,27,7.51,9648.35,1,Line 2,56.78,73.88,2022,7
2022-11-25,Europe,Supplier B,Beverages,1167,15.18,15,3.66,1611.23,9,Line 3,62.74,87.01,2022,11
2023-03-16,North America,Supplier B,Baking Products,1891,17.62,13,6.06,1731.18,14,Line 3,65.48,75.78,2023,3
2023-06-09,Europe,Supplier B,Cereals,3581,12.6,22,2.83,891.67,15,Line 4,73.79,87.04,2023,6
2024-03-20,North America,Supplier B,Baking Products,518,18.52,12,6.33,8548.62,9,Line 1,72.11,82.85,2024,3
2022-12-14,Asia,Supplier C,Ice Cream,316,5.22,2,9.84,4328.47,15,Line 4,67.54,86.61,2022,12
2023-09-19,Africa,Supplier D,Prepared Foods,3982,19.95,6,7.47,4780.86,1,Line 1,69.45,87.58,2023,9
2024-03-23,Europe,Supplier D,Dairy Products,4506,13.23,27,3.8,1950.48,6,Line 1,68.3,75.61,2024,3
2023-06-06,Europe,Supplier C,Dairy Products,2765,9.64,9,8.1,3342.42,7,Line 1,98.19,89.61,2023,6
2024-02-28,Africa,Supplier A,Confectionery,4459,11.86,18,2.59,4531.28,12,Line 2,76.96,77.89,2024,2
2024-05-28,Europe,Supplier A,Dairy Products,1961,18.2,29,9.35,5768.49,7,Line 2,73.85,71.48,2024,5
2023-10-17,Africa,Supplier D,Baby Foods,4315,11.51,26,2.54,1292.06,8,Line 3,74.06,81.59,2023,10
2023-12-19,Asia,Supplier C,Ice Cream,3378,14.68,19,2.6,3338.74,14,Line 2,94.22,72.06,2023,12
2023-07-04,Asia,Supplier D,Prepared Foods,2834,10.02,18,5.49,4292.17,11,Line 4,78.74,83.59,2023,7
2022-08-15,Europe,Supplier B,Frozen Foods,1241,12.8,14,5.64,7774.43,15,Line 4,54.92,96.61,2022,8
2024-05-11,North America,Supplier C,Dairy Products,274,19.51,11,2.72,3107.35,10,Line 3,55.26,70.69,2024,5
2023-02-21,Africa,Supplier B,Baby Foods,4949,7.23,8,2.41,2430.15,15,Line 2,73.79,88.14,2023,2
2022-10-26,Africa,Supplier A,Dairy Products,1365,19.56,20,5.38,4143.78,2,Line 3,69.58,80.66,2022,10
2022-11-05,Asia,Supplier A,Ice Cream,2470,16.59,24,9.96,1887.67,1,Line 3,87.77,89.04,2022,11
2024-03-24,Asia,Supplier D,Baking Products,4894,9.29,30,8.8,4706.92,6,Line 3,70.21,79.88,2024,3
2023-01-20,Europe,Supplier D,Dairy Products,3142,17.96,28,2.32,5748.36,11,Line 1,80.59,89.81,2023,1
2022-06-22,North America,Supplier A,Frozen Foods,883,4.57,29,3.52,7016.93,9,Line 1,85.52,85.7,2022,6
2022-10-21,South America,Supplier A,Baby Foods,2844,6.44,4,6.55,1970.64,1,Line 1,88.24,98.07,2022,10
2023-01-31,South America,Supplier A,Baking Products,2882,10.12,26,4.9,1332.88,10,Line 3,79.81,91.48,2023,1
2023-05-05,Europe,Supplier B,Pet Care,3913,10.46,18,9.97,4347.39,10,Line 1,65.59,89.52,2023,5
2022-09-25,North America,Supplier B,Frozen Foods,4663,18.47,26,9.11,8580.23,4,Line 3,99.56,79.34,2022,9
2023-11-02,Africa,Supplier C,Ice Cream,3766,16.91,6,4.43,4071.32,12,Line 2,72.33,86.4,2023,11
2022-12-12,Africa,Supplier D,Confectionery,1161,12.74,12,4.35,9706.69,4,Line 4,95.35,81.39,2022,12
2023-11-10,Europe,Supplier A,Baking Products,1940,4.37,3,6.42,3454.88,8,Line 4,99.47,70.53,2023,11
2023-03-26,Africa,Supplier C,Dairy Products,4483,9.17,18,7.19,3510.31,4,Line 4,99.81,84.17,2023,3
2022-11-19,Europe,Supplier C,Confectionery,1339,9.0,15,1.62,4515.12,9,Line 1,64.33,90.03,2022,11
2024-04-18,South America,Supplier A,Cereals,664,2.52,30,1.06,3401.32,14,Line 2,67.22,85.12,2024,4
2023-03-23,Africa,Supplier C,Frozen Foods,284,7.94,30,6.61,4051.79,2,Line 2,97.4,96.07,2023,3
2024-05-16,Europe,Supplier C,Beverages,4868,19.92,7,9.03,4772.84,6,Line 2,82.09,71.25,2024,5
2024-04-23,Asia,Supplier B,Confectionery,4439,19.42,27,6.96,4928.33,10,Line 1,70.89,96.89,2024,4
2023-07-14,South America,Supplier D,Baking Products,3707,2.51,20,1.7,8650.64,3,Line 3,90.72,89.14,2023,7
2024-04-02,North America,Supplier B,Baking Products,1729,14.02,6,5.68,3819.25,10,Line 2,63.23,88.38,2024,4
2023-05-18,Europe,Supplier A,Prepared Foods,2110,18.7,1,9.39,6276.81,1,Line 1,85.96,95.11,2023,5
2023-05-12,Europe,Supplier A,Ice Cream,4846,14.75,26,9.7,435.54,1,Line 2,96.58,93.97,2023,5
2022-07-08,South America,Supplier D,Ice Cream,3817,8.18,22,4.15,5712.36,5,Line 3,75.17,81.76,2022,7
2023-07-17,North America,Supplier D,Ice Cream,4194,16.61,20,7.81,2897.05,11,Line 4,77.19,96.03,2023,7
2023-06-23,Africa,Supplier D,Dairy Products,2267,17.83,20,5.17,703.12,8,Line 3,96.95,76.85,2023,6
2022-06-16,Asia,Supplier A,Frozen Foods,2162,14.51,28,7.34,7976.04,13,Line 4,75.32,70.57,2022,6
2024-02-17,Africa,Supplier C,Baking Products,3309,18.72,25,2.19,1782.98,13,Line 2,79.64,91.7,2024,2
2023-06-08,Asia,Supplier D,Prepared Foods,3832,3.54,23,2.48,4187.19,12,Line 1,55.43,80.13,2023,6
2022-08-18,Europe,Supplier C,Baking Products,1254,18.06,13,2.29,4750.0,5,Line 4,56.19,86.19,2022,8
2023-01-08,Europe,Supplier C,Prepared Foods,997,6.43,17,6.57,5538.28,7,Line 1,92.3,97.13,2023,1
2022-05-30,Asia,Supplier A,Prepared Foods,3595,2.99,16,5.71,6823.74,6,Line 1,66.23,72.1,2022,5
2023-06-20,Africa,Supplier B,Frozen Foods,2416,9.84,7,2.12,2098.13,14,Line 4,78.25,85.93,2023,6
2022-10-07,North America,Supplier D,Beverages,1577,19.9,18,6.78,3158.12,15,Line 2,57.83,89.19,2022,10
2023-12-23,Africa,Supplier D,Dairy Products,967,5.4,24,9.12,2796.95,5,Line 2,86.3,91.06,2023,12
2023-04-04,South America,Supplier A,Frozen Foods,4401,4.58,30,4.65,7396.91,13,Line 4,79.36,83.36,2023,4
2022-09-17,North America,Supplier C,Frozen Foods,1924,16.52,4,3.46,4025.76,7,Line 2,72.97,77.09,2022,9
2022-05-31,Asia,Supplier A,Baking Products,1079,14.69,28,1.92,3563.14,2,Line 3,65.94,73.38,2022,5
2022-08-04,North America,Supplier B,Baby Foods,4412,18.91,20,3.89,394.88,10,Line 4,78.29,76.89,2022,8
2022-11-03,Africa,Supplier A,Ice Cream,3854,15.95,17,2.57,1978.58,1,Line 4,79.97,76.74,2022,11
2023-12-04,Asia,Supplier D,Frozen Foods,4262,3.74,23,6.33,9756.1,6,Line 1,93.66,90.42,2023,12
2022-07-03,Europe,Supplier A,Confectionery,79,9.81,19,8.73,7238.42,8,Line 4,51.7,82.97,2022,7
2023-11-02,South America,Supplier C,Ice Cream,2461,19.6,21,3.34,2098.8,7,Line 1,57.58,80.26,2023,11
2024-01-16,South America,Supplier B,Baby Foods,2700,5.7,28,4.87,5184.94,3,Line 3,64.84,71.05,2024,1
2022-11-08,North America,Supplier C,Baby Foods,764,18.64,15,1.1,4360.45,14,Line 2,63.17,98.08,2022,11
2022-07-18,Africa,Supplier D,Cereals,1815,17.11,16,4.23,7898.83,8,Line 1,53.4,81.1,2022,7
2023-08-18,Africa,Supplier B,Confectionery,2676,9.68,6,1.68,7808.81,14,Line 4,78.79,83.75,2023,8
2024-02-03,Asia,Supplier A,Frozen Foods,2378,11.3,10,7.32,4970.13,13,Line 3,90.3,80.66,2024,2
2022-10-19,South America,Supplier B,Baby Foods,3324,2.75,15,9.36,2946.78,5,Line 3,65.18,80.92,2022,10
2022-10-10,South America,Supplier C,Pet Care,2332,16.9,16,6.36,472.93,5,Line 2,69.9,98.11,2022,10
2022-09-11,Europe,Supplier B,Baby Foods,687,16.88,5,3.45,6002.93,2,Line 1,50.1,73.41,2022,9
2022-11-13,Asia,Supplier C,Prepared Foods,4678,16.33,26,9.65,3490.89,2,Line 1,76.51,92.91,2022,11
2023-10-28,South America,Supplier C,Cereals,2938,3.43,23,5.92,8046.3,5,Line 1,89.03,92.65,2023,10
2023-08-02,Africa,Supplier D,Ice Cream,409,16.05,16,6.38,8708.63,7,Line 3,63.57,99.0,2023,8
2023-06-25,Asia,Supplier B,Baking Products,3021,16.87,21,4.01,9578.56,8,Line 2,99.52,71.86,2023,6
2022-08-03,Asia,Supplier A,Baby Foods,3128,15.92,15,7.82,7908.21,3,Line 1,97.04,73.05,2022,8
2024-02-22,North America,Supplier C,Baking Products,2113,13.11,14,5.47,3932.05,5,Line 2,82.77,88.55,2024,2
2023-03-28,South America,Supplier B,Frozen Foods,3438,5.03,15,6.71,609.65,10,Line 4,79.53,94.1,2023,3
2023-10-22,North America,Supplier D,Frozen Foods,2741,16.82,22,6.99,5434.8,4,Line 3,95.71,77.68,2023,10
2022-10-02,North America,Supplier B,Dairy Products,4849,6.18,16,5.75,3741.65,2,Line 1,89.99,80.02,2022,10
2023-10-31,Africa,Supplier A,Cereals,2948,12.8,19,1.08,2875.05,1,Line 4,55.95,91.48,2023,10
2024-05-17,Europe,Supplier C,Beverages,4900,10.92,16,9.39,8339.26,4,Line 1,93.88,71.96,2024,5
2022-09-04,Asia,Supplier A,Frozen Foods,720,1.81,1,5.89,3157.56,9,Line 1,56.24,70.44,2022,9
2023-08-24,Asia,Supplier A,Baking Products,4375,3.63,25,8.54,4069.2,12,Line 3,74.76,94.06,2023,8
2022-12-18,South America,Supplier D,Baby Foods,557,6.1,23,4.88,9024.96,7,Line 3,99.81,73.42,2022,12
2024-05-22,Asia,Supplier A,Beverages,309,2.95,16,1.19,9777.13,12,Line 2,90.02,70.7,2024,5
2023-07-31,Asia,Supplier C,Baking Products,4700,11.23,23,3.18,3434.13,10,Line 2,79.66,92.37,2023,7
2022-10-31,North America,Supplier D,Pet Care,2528,7.6,16,1.54,8343.8,7,Line 4,99.81,83.23,2022,10
2022-09-18,North America,Supplier D,Frozen Foods,3678,7.81,9,8.3,4960.66,11,Line 1,68.16,89.22,2022,9
2023-02-24,North America,Supplier B,Baking Products,612,11.93,22,8.71,2153.74,4,Line 4,58.21,70.52,2023,2
2024-05-17,Africa,Supplier C,Baking Products,4129,13.24,8,8.86,5290.93,12,Line 4,74.74,78.13,2024,5
2023-12-08,Europe,Supplier A,Baking Products,1420,10.04,30,2.04,2712.17,3,Line 2,86.82,88.67,2023,12
2022-10-08,Africa,Supplier A,Baking Products,1523,18.63,2,3.0,5189.69,14,Line 2,50.41,96.97,2022,10
2023-04-27,Asia,Supplier C,Beverages,2809,12.74,3,7.9,1810.39,4,Line 3,81.88,83.44,2023,4
2024-05-26,Europe,Supplier B,Confectionery,4109,8.21,2,2.69,8411.51,6,Line 2,60.18,78.22,2024,5
2023-04-15,Africa,Supplier B,Ice Cream,436,4.07,3,4.92,8077.61,6,Line 2,61.99,91.43,2023,4
2024-05-13,South America,Supplier A,Baby Foods,427,2.81,19,9.44,1912.16,4,Line 2,69.39,93.86,2024,5
2024-04-22,Africa,Supplier C,Pet Care,2764,17.15,23,8.44,2277.59,7,Line 4,57.96,88.94,2024,4
2022-12-10,South America,Supplier B,Dairy Products,742,11.09,26,8.35,1245.17,1,Line 4,62.62,79.59,2022,12
2022-06-23,South America,Supplier B,Pet Care,3150,14.58,22,8.59,8677.05,8,Line 2,94.75,96.37,2022,6
2023-01-21,Europe,Supplier A,Dairy Products,3623,14.38,13,1.46,8684.35,4,Line 3,52.24,89.97,2023,1
2023-11-23,South America,Supplier C,Baby Foods,1523,11.83,15,1.24,425.52,4,Line 2,72.65,94.32,2023,11
2022-08-08,North America,Supplier C,Cereals,2329,1.41,15,6.88,964.49,12,Line 3,63.9,89.43,2022,8
2023-04-14,Africa,Supplier A,Baby Foods,193,17.53,6,7.56,5644.33,6,Line 2,63.46,91.13,2023,4
2023-02-03,Asia,Supplier A,Dairy Products,3350,2.08,16,1.45,5834.31,6,Line 3,63.8,92.25,2023,2
2022-07-11,Asia,Supplier C,Confectionery,2060,13.19,4,5.52,4146.5,3,Line 2,60.32,85.56,2022,7
2023-05-03,Africa,Supplier C,Frozen Foods,2754,12.73,27,5.44,9780.67,10,Line 4,58.64,70.39,2023,5
2022-09-26,Asia,Supplier A,Dairy Products,1408,14.97,2,3.65,5217.22,6,Line 2,53.86,93.34,2022,9
2023-09-19,Africa,Supplier B,Pet Care,541,4.9,28,8.73,7275.3,4,Line 2,79.14,92.04,2023,9
2023-05-06,North America,Supplier D,Pet Care,1297,7.0,27,9.32,340.97,9,Line 4,83.37,84.63,2023,5
2023-08-18,Africa,Supplier B,Confectionery,848,4.34,24,9.54,6806.97,15,Line 2,57.76,84.85,2023,8
2022-06-22,Asia,Supplier B,Baking Products,4576,16.8,9,5.73,8923.98,1,Line 2,82.13,91.5,2022,6
2023-11-15,South America,Supplier D,Baking Products,1836,8.36,20,7.39,5675.52,12,Line 3,62.36,94.68,2023,11
2023-05-11,South America,Supplier C,Dairy Products,2180,9.75,21,6.64,3194.43,2,Line 1,68.91,83.48,2023,5
2024-01-14,Asia,Supplier D,Pet Care,3068,4.16,25,4.02,8389.43,2,Line 4,58.98,91.46,2024,1
2022-08-22,Africa,Supplier A,Ice Cream,1356,12.97,20,5.35,9980.02,7,Line 4,80.11,82.36,2022,8
2023-10-21,South America,Supplier D,Cereals,1253,3.21,19,5.75,6629.54,8,Line 3,83.29,90.96,2023,10
2023-12-08,North America,Supplier C,Dairy Products,1681,6.63,23,7.07,976.46,6,Line 1,59.3,75.44,2023,12
2023-10-02,Europe,Supplier A,Cereals,2581,16.2,8,4.02,5074.73,8,Line 3,79.9,77.73,2023,10
2023-05-19,Asia,Supplier C,Confectionery,4430,15.75,12,1.9,9191.71,1,Line 1,50.18,88.12,2023,5
2024-04-27,Africa,Supplier B,Confectionery,4221,1.95,1,1.41,864.42,11,Line 2,93.13,80.33,2024,4
2022-12-29,Asia,Supplier C,Baking Products,2287,17.98,14,3.73,8792.15,11,Line 3,73.49,83.85,2022,12
2023-12-29,Africa,Supplier C,Pet Care,4212,14.13,5,2.02,562.17,11,Line 3,96.6,71.02,2023,12
2022-10-21,Asia,Supplier B,Dairy Products,4711,10.94,26,7.91,2781.48,14,Line 4,89.91,90.92,2022,10
2022-08-25,North America,Supplier B,Baking Products,77,8.05,23,4.54,9767.09,4,Line 1,89.33,74.93,2022,8
2023-02-26,Asia,Supplier B,Confectionery,692,12.8,9,9.15,9488.27,4,Line 1,77.95,89.83,2023,2
2023-09-08,Africa,Supplier C,Confectionery,3159,11.53,8,4.16,5098.62,12,Line 2,87.78,83.5,2023,9
2023-03-08,South America,Supplier B,Baking Products,4940,8.55,16,5.78,9620.24,8,Line 3,81.96,96.42,2023,3
2024-03-02,Europe,Supplier A,Confectionery,3734,17.14,14,9.58,6834.51,8,Line 3,77.48,99.65,2024,3
2022-05-31,Europe,Supplier A,Beverages,4690,10.05,17,9.85,7966.84,1,Line 1,91.86,76.68,2022,5
2022-08-03,North America,Supplier A,Baby Foods,478,10.97,1,8.22,9775.0,6,Line 3,52.93,98.1,2022,8
2023-03-02,South America,Supplier B,Baby Foods,641,1.7,27,7.7,6659.08,4,Line 3,94.37,82.03,2023,3
2023-12-25,Europe,Supplier C,Dairy Products,942,17.27,25,5.97,3586.78,9,Line 1,72.77,71.94,2023,12
2023-05-12,Africa,Supplier D,Dairy Products,4418,3.24,16,6.02,4919.29,10,Line 2,65.81,77.64,2023,5
2022-12-05,North America,Supplier A,Frozen Foods,4001,11.2,12,4.55,3617.18,10,Line 4,54.44,93.39,2022,12
2022-09-29,Asia,Supplier C,Baking Products,1236,19.91,27,8.4,2763.49,7,Line 4,95.74,98.54,2022,9
2023-03-23,North America,Supplier A,Frozen Foods,3990,11.48,11,4.15,3798.48,8,Line 3,58.27,96.37,2023,3
2022-06-29,Africa,Supplier C,Cereals,4122,13.74,15,5.88,9783.83,7,Line 1,77.61,76.85,2022,6
2023-07-30,Europe,Supplier C,Ice Cream,2700,16.75,12,2.2,716.22,13,Line 4,56.07,70.5,2023,7
2023-08-05,South America,Supplier A,Baby Foods,1253,10.94,1,7.86,5199.6,11,Line 2,74.98,85.08,2023,8
2022-11-10,Asia,Supplier B,Dairy Products,1660,16.45,18,1.63,4806.9,5,Line 4,91.74,90.38,2022,11
2023-05-29,Africa,Supplier A,Ice Cream,2818,7.38,14,4.4,2581.54,8,Line 2,77.94,99.47,2023,5
2023-08-08,South America,Supplier B,Frozen Foods,1960,4.09,11,4.63,4761.99,13,Line 2,58.19,97.71,2023,8
2024-01-22,South America,Supplier B,Beverages,4347,18.26,13,6.1,5997.19,14,Line 1,78.59,85.82,2024,1
2023-05-06,North America,Supplier B,Ice Cream,441,4.88,7,3.54,6938.71,4,Line 2,54.6,81.2,2023,5
2023-01-14,Asia,Supplier C,Dairy Products,1801,8.12,24,8.03,1336.42,9,Line 3,98.64,80.46,2023,1
2023-05-24,Asia,Supplier B,Dairy Products,3944,18.24,26,8.55,9843.68,9,Line 3,76.8,70.0,2023,5
2023-04-04,Africa,Supplier D,Frozen Foods,2337,11.56,3,6.59,7431.09,10,Line 4,53.94,93.5,2023,4
2022-05-31,Asia,Supplier D,Cereals,254,19.17,25,9.72,3734.09,3,Line 4,82.33,86.49,2022,5
2022-10-20,Africa,Supplier B,Frozen Foods,649,1.51,5,1.22,2289.15,9,Line 1,94.44,81.84,2022,10
2023-12-30,North America,Supplier B,Beverages,232,12.21,25,7.85,2736.21,2,Line 3,75.76,87.14,2023,12
2022-08-18,North America,Supplier B,Baking Products,2667,6.91,21,8.12,1811.5,7,Line 2,59.89,96.79,2022,8
2023-10-27,South America,Supplier D,Beverages,3445,11.07,10,3.48,1080.9,9,Line 3,80.61,98.33,2023,10
2023-05-31,North America,Supplier D,Dairy Products,4745,10.74,3,9.98,8037.04,8,Line 1,54.64,97.62,2023,5
2024-01-12,Europe,Supplier C,Cereals,3725,11.4,7,2.41,8239.9,12,Line 1,52.89,78.15,2024,1
2022-07-22,Europe,Supplier B,Frozen Foods,1339,9.53,26,8.51,4878.03,11,Line 4,88.98,85.09,2022,7
2024-02-20,Asia,Supplier A,Beverages,3531,2.58,7,1.0,4534.98,13,Line 2,94.26,97.91,2024,2
2023-10-15,Europe,Supplier A,Baby Foods,841,17.43,30,5.92,9020.09,5,Line 2,98.63,90.25,2023,10
2024-01-27,Europe,Supplier B,Dairy Products,104,17.69,17,8.2,2865.94,4,Line 2,72.45,83.62,2024,1
2024-03-31,Europe,Supplier C,Confectionery,355,9.96,6,4.11,5537.85,7,Line 3,70.83,75.39,2024,3
2023-08-23,Europe,Supplier B,Baby Foods,2205,16.64,6,9.27,5289.07,10,Line 1,62.29,90.23,2023,8
2023-02-05,North America,Supplier A,Prepared Foods,3943,9.26,30,4.99,7068.06,5,Line 3,50.35,92.75,2023,2
2022-06-29,Asia,Supplier B,Cereals,4272,6.41,23,5.46,3142.66,5,Line 3,87.35,75.34,2022,6
2023-01-19,Asia,Supplier D,Baby Foods,69,16.35,11,8.62,2115.06,2,Line 2,82.11,71.31,2023,1
2022-06-09,Europe,Supplier B,Cereals,4135,3.45,25,2.49,6230.59,4,Line 4,99.75,86.03,2022,6
2023-05-15,Europe,Supplier A,Prepared Foods,4503,7.01,29,4.66,1015.48,2,Line 4,56.61,95.6,2023,5
2023-06-03,Africa,Supplier A,Prepared Foods,254,16.18,30,4.23,400.23,7,Line 4,84.58,98.95,2023,6
2023-01-26,South America,Supplier B,Pet Care,4633,3.05,2,9.62,9156.04,5,Line 4,78.0,80.2,2023,1
2024-05-27,North America,Supplier D,Dairy Products,4163,8.64,3,8.89,4136.83,11,Line 1,56.59,72.93,2024,5
2023-10-03,North America,Supplier B,Baking Products,3157,6.14,13,6.66,8538.05,6,Line 1,95.12,84.89,2023,10
2023-01-15,Europe,Supplier D,Confectionery,282,11.0,9,7.23,6755.72,9,Line 1,57.77,78.53,2023,1
2023-12-27,Europe,Supplier C,Baking Products,4235,9.84,23,4.06,215.59,14,Line 3,54.02,74.32,2023,12
2024-01-02,Europe,Supplier D,Confectionery,461,19.59,18,1.21,9263.68,8,Line 2,53.29,80.33,2024,1
2022-11-08,Asia,Supplier B,Baking Products,1806,5.34,29,8.68,1911.89,7,Line 2,70.19,95.6,2022,11
2023-04-12,Africa,Supplier C,Dairy Products,1584,11.46,29,2.49,423.2,7,Line 2,89.97,94.55,2023,4
2023-05-08,Africa,Supplier D,Prepared Foods,2570,1.66,3,2.28,8501.64,6,Line 4,90.64,74.14,2023,5
2022-07-17,North America,Supplier A,Pet Care,4656,7.78,29,4.72,5218.03,14,Line 2,96.51,98.29,2022,7
2023-07-26,Africa,Supplier D,Baking Products,2881,16.65,9,3.16,5435.48,9,Line 1,70.48,95.73,2023,7
2024-02-28,Asia,Supplier C,Cereals,1926,6.91,4,3.36,346.29,14,Line 4,98.58,99.26,2024,2
2022-12-08,Asia,Supplier B,Prepared Foods,1415,8.85,23,2.9,7240.97,15,Line 4,88.91,97.04,2022,12
2022-12-07,Africa,Supplier A,Dairy Products,4980,8.85,25,1.19,1042.21,7,Line 2,99.68,98.39,2022,12
2022-07-06,Asia,Supplier B,Beverages,2166,11.31,19,3.63,3146.1,15,Line 2,56.39,86.71,2022,7
2024-02-20,Europe,Supplier B,Cereals,757,17.78,15,3.7,4079.52,5,Line 3,77.98,81.59,2024,2
2023-03-04,Asia,Supplier D,Dairy Products,321,18.17,8,5.01,8104.54,5,Line 1,52.97,97.32,2023,3
2023-12-03,Europe,Supplier C,Ice Cream,4880,12.22,27,5.93,2598.73,9,Line 1,87.34,73.64,2023,12
2022-12-15,South America,Supplier B,Dairy Products,2377,4.65,8,6.76,925.68,11,Line 4,88.64,99.41,2022,12
2024-01-22,South America,Supplier A,Baby Foods,449,19.9,5,4.81,1210.51,7,Line 4,73.85,92.53,2024,1
2023-10-19,Africa,Supplier B,Beverages,2000,9.71,6,1.12,897.7,5,Line 3,98.81,76.69,2023,10
2022-08-05,South America,Supplier B,Pet Care,815,16.17,24,9.49,8977.22,9,Line 3,57.63,82.55,2022,8
2023-03-13,North America,Supplier D,Baby Foods,4091,15.03,25,9.23,5542.3,11,Line 2,67.26,89.89,2023,3
2023-04-16,Asia,Supplier C,Beverages,2179,19.42,30,8.75,6875.77,2,Line 1,56.47,90.83,2023,4
2023-09-22,Asia,Supplier B,Baby Foods,2836,1.47,12,2.41,3398.78,6,Line 1,74.95,90.6,2023,9
2024-01-17,Africa,Supplier D,Confectionery,3311,11.38,30,4.11,2145.7,6,Line 3,94.1,77.61,2024,1
2022-11-01,Europe,Supplier C,Cereals,315,7.04,2,8.58,1075.14,12,Line 1,61.61,82.74,2022,11
2023-10-28,North America,Supplier D,Frozen Foods,1987,15.22,21,1.36,3452.11,6,Line 2,96.4,78.97,2023,10
2023-02-01,Africa,Supplier A,Ice Cream,4193,13.82,4,8.75,8885.58,2,Line 1,74.34,70.91,2023,2
2024-05-24,Africa,Supplier B,Pet Care,536,3.51,17,8.93,5638.2,5,Line 4,63.51,86.04,2024,5
2023-07-21,South America,Supplier B,Prepared Foods,3358,18.12,5,8.11,5432.46,1,Line 1,74.83,80.31,2023,7
2023-07-12,Asia,Supplier D,Cereals,3447,2.87,17,7.79,6184.41,15,Line 2,58.81,87.6,2023,7
2023-11-02,South America,Supplier C,Beverages,674,18.56,14,6.89,921.62,1,Line 3,59.5,91.04,2023,11
2022-08-05,South America,Supplier C,Prepared Foods,3940,4.33,26,3.43,5728.9,3,Line 2,66.66,99.97,2022,8
2024-01-19,Asia,Supplier B,Baby Foods,4559,15.22,6,2.54,8209.85,7,Line 4,76.76,71.77,2024,1
2022-08-24,North America,Supplier A,Pet Care,4468,12.76,5,4.17,7557.95,15,Line 2,86.85,98.19,2022,8
2023-02-07,South America,Supplier C,Frozen Foods,1687,12.13,5,5.75,7778.51,8,Line 4,50.23,76.97,2023,2
2023-10-24,North America,Supplier D,Prepared Foods,218,11.95,29,2.42,8660.97,3,Line 1,96.11,94.91,2023,10
2023-03-29,Africa,Supplier C,Frozen Foods,130,17.18,2,1.57,1883.39,11,Line 1,89.1,93.46,2023,3
2023-06-09,Europe,Supplier A,Beverages,1947,10.84,18,2.11,4894.82,9,Line 1,87.45,76.59,2023,6
2022-07-02,Asia,Supplier A,Baking Products,3407,2.55,3,8.48,812.85,14,Line 4,76.65,98.82,2022,7
2022-11-09,South America,Supplier D,Pet Care,1016,7.23,23,2.66,4526.04,10,Line 1,75.81,83.22,2022,11
2024-01-17,South America,Supplier B,Pet Care,4885,7.27,5,4.4,3644.18,2,Line 3,96.88,97.9,2024,1
2022-06-16,Europe,Supplier D,Baking Products,2030,10.56,9,1.63,6125.09,8,Line 1,83.95,98.29,2022,6
2022-07-09,South America,Supplier A,Confectionery,2457,15.36,29,2.53,5081.41,9,Line 1,77.43,74.56,2022,7
2024-02-27,North America,Supplier A,Prepared Foods,4826,1.73,27,1.71,6052.7,4,Line 2,51.64,87.89,2024,2
2023-02-19,Asia,Supplier B,Beverages,2293,1.27,23,4.4,9831.53,6,Line 1,70.32,98.35,2023,2
2023-04-07,South America,Supplier B,Confectionery,3472,5.11,3,4.78,6315.47,6,Line 3,79.1,82.76,2023,4
2023-05-30,Asia,Supplier B,Confectionery,2290,3.51,6,7.62,5947.79,5,Line 4,70.71,88.27,2023,5
2024-05-04,Europe,Supplier C,Frozen Foods,3959,17.94,13,3.57,3163.29,1,Line 4,69.73,77.06,2024,5
2023-09-07,South America,Supplier A,Confectionery,2696,9.79,14,4.12,146.68,10,Line 2,66.41,73.69,2023,9
2023-05-21,Asia,Supplier D,Prepared Foods,559,3.93,3,6.77,9607.23,11,Line 2,50.29,78.82,2023,5
2023-08-21,Europe,Supplier C,Pet Care,3169,18.12,13,5.3,8613.31,7,Line 4,97.88,85.87,2023,8
2023-03-15,South America,Supplier C,Frozen Foods,4208,5.97,11,2.05,4044.8,2,Line 4,86.08,87.63,2023,3
2023-06-28,North America,Supplier D,Cereals,525,15.5,25,6.96,7368.8,13,Line 3,50.91,71.45,2023,6
2022-09-16,South America,Supplier C,Ice Cream,1112,12.61,22,2.65,6435.2,2,Line 4,85.17,83.58,2022,9
2022-09-19,North America,Supplier D,Baby Foods,3238,5.5,11,7.17,7494.48,2,Line 1,92.61,87.62,2022,9
2023-04-06,Asia,Supplier D,Frozen Foods,3235,6.91,30,9.58,3564.14,14,Line 1,58.29,82.85,2023,4
2022-09-09,Asia,Supplier D,Ice Cream,3922,3.78,20,5.04,1506.79,6,Line 1,76.89,70.05,2022,9
2023-05-19,Asia,Supplier A,Prepared Foods,1387,12.56,19,7.52,4974.29,12,Line 4,78.44,90.95,2023,5
2023-07-15,Africa,Supplier A,Ice Cream,2252,12.97,14,7.71,2293.59,10,Line 1,76.36,87.04,2023,7
2022-11-10,North America,Supplier A,Dairy Products,3387,6.51,3,5.34,1710.84,6,Line 4,58.39,89.28,2022,11
2023-10-29,Asia,Supplier A,Beverages,929,2.5,3,5.74,6370.28,11,Line 2,90.74,72.3,2023,10
2022-10-04,South America,Supplier C,Ice Cream,2507,12.47,7,3.33,9723.43,13,Line 4,77.7,70.59,2022,10
2023-08-31,Asia,Supplier B,Dairy Products,1081,8.81,4,8.57,9879.78,7,Line 2,91.97,82.33,2023,8
2023-10-17,South America,Supplier B,Dairy Products,669,18.42,29,6.39,6202.57,3,Line 3,79.74,97.87,2023,10
2023-02-06,Europe,Supplier D,Confectionery,4687,4.11,13,8.47,9875.18,3,Line 3,57.18,85.06,2023,2
2023-02-22,South America,Supplier B,Dairy Products,3844,3.07,30,7.47,5957.18,14,Line 1,97.72,91.0,2023,2
2023-04-17,Africa,Supplier B,Ice Cream,187,16.55,29,3.18,8300.13,7,Line 3,69.78,81.59,2023,4
2023-06-10,Asia,Supplier D,Dairy Products,1205,3.18,27,4.68,4432.83,13,Line 3,64.23,96.28,2023,6
2023-10-15,Asia,Supplier B,Cereals,1299,16.23,27,6.04,9809.36,2,Line 1,74.86,98.35,2023,10
2022-06-25,Europe,Supplier C,Baby Foods,4083,10.67,28,4.66,7747.67,1,Line 1,74.08,74.43,2022,6
2023-10-16,Africa,Supplier D,Baby Foods,1476,16.31,4,8.71,1122.5,5,Line 2,63.29,96.22,2023,10
2024-04-22,South America,Supplier A,Pet Care,806,13.05,20,2.27,2958.3,2,Line 2,76.29,97.38,2024,4
2023-09-09,Europe,Supplier D,Beverages,3440,10.76,7,9.95,7339.61,11,Line 3,53.26,95.06,2023,9
2024-05-10,Europe,Supplier C,Baking Products,3679,7.02,27,8.14,7814.49,4,Line 1,67.91,88.33,2024,5
2023-03-18,Europe,Supplier C,Pet Care,1129,3.95,27,6.0,8518.12,15,Line 1,93.43,73.32,2023,3
2022-09-09,North America,Supplier B,Confectionery,1863,1.87,9,1.93,874.32,7,Line 1,64.2,71.99,2022,9
2024-05-03,North America,Supplier A,Baking Products,2977,4.62,24,5.02,3705.46,6,Line 2,83.69,85.64,2024,5
2022-08-11,Europe,Supplier C,Ice Cream,463,5.18,2,5.14,7406.96,12,Line 2,91.51,89.93,2022,8
2024-04-05,Africa,Supplier C,Beverages,4238,2.71,8,6.03,1449.34,13,Line 4,62.52,78.24,2024,4
2023-07-04,South America,Supplier C,Confectionery,1070,17.27,19,7.15,727.96,11,Line 4,83.03,94.89,2023,7
2024-05-15,Africa,Supplier A,Ice Cream,2462,6.98,5,6.13,1620.04,11,Line 3,54.43,71.73,2024,5
2023-11-09,South America,Supplier A,Prepared Foods,1225,11.36,21,7.82,5780.85,1,Line 1,83.77,94.14,2023,11
2023-07-19,North America,Supplier C,Baking Products,4063,7.43,25,8.7,2760.21,9,Line 4,90.84,89.71,2023,7
2022-05-31,Africa,Supplier A,Prepared Foods,2650,7.04,28,8.0,374.82,8,Line 2,70.91,70.39,2022,5
2024-05-06,North America,Supplier C,Pet Care,3116,2.82,8,9.89,3582.83,15,Line 4,91.22,96.49,2024,5
2022-07-30,South America,Supplier A,Beverages,1131,7.29,21,2.88,584.31,9,Line 1,89.41,74.38,2022,7
2022-12-15,South America,Supplier C,Baby Foods,4704,16.9,2,3.64,607.09,8,Line 4,69.87,78.95,2022,12
2023-12-14,South America,Supplier B,Frozen Foods,2775,6.9,16,4.77,164.84,13,Line 3,56.9,75.89,2023,12
2023-07-21,South America,Supplier D,Dairy Products,736,16.67,8,2.35,3971.24,4,Line 2,72.31,79.71,2023,7
2022-06-18,South America,Supplier B,Pet Care,4470,6.96,11,9.91,8013.75,10,Line 3,65.72,88.85,2022,6
2024-01-12,Asia,Supplier C,Ice Cream,4474,3.04,5,2.02,8725.49,13,Line 3,61.27,97.49,2024,1
2024-01-04,South America,Supplier A,Baking Products,4945,17.29,3,9.0,6201.43,2,Line 1,51.76,95.54,2024,1
2024-01-07,North America,Supplier A,Cereals,4364,4.13,21,3.42,6824.32,15,Line 3,56.69,85.92,2024,1
2022-09-11,Europe,Supplier A,Pet Care,3312,17.68,7,6.99,9030.1,11,Line 4,76.06,96.76,2022,9
2022-11-11,North America,Supplier D,Ice Cream,1569,17.16,2,3.19,7827.45,2,Line 1,63.01,97.49,2022,11
2023-05-18,North America,Supplier D,Baby Foods,2402,7.42,14,8.17,2554.9,15,Line 1,62.48,90.45,2023,5
2023-07-24,Africa,Supplier B,Confectionery,4584,17.89,19,8.23,4566.3,1,Line 3,73.32,74.7,2023,7
2023-06-01,Europe,Supplier A,Cereals,4181,10.48,5,7.81,5040.1,4,Line 4,68.39,94.47,2023,6
2023-11-15,North America,Supplier C,Dairy Products,2558,13.2,24,8.62,6638.04,15,Line 4,53.52,75.01,2023,11
2023-04-05,South America,Supplier C,Pet Care,872,19.59,21,8.9,7333.66,10,Line 2,79.25,76.17,2023,4
2023-07-14,Asia,Supplier D,Cereals,2952,8.82,16,8.0,3702.82,13,Line 1,95.29,86.92,2023,7
2024-04-04,Europe,Supplier D,Cereals,1718,17.86,15,9.51,7475.57,3,Line 4,67.77,84.58,2024,4
2023-08-22,South America,Supplier A,Prepared Foods,4659,9.76,6,2.29,6444.14,13,Line 4,89.49,89.81,2023,8
2023-11-30,Asia,Supplier D,Beverages,2658,18.54,9,9.29,900.76,5,Line 3,62.24,81.21,2023,11
2024-03-28,Asia,Supplier D,Prepared Foods,1194,10.43,17,6.01,4969.23,6,Line 1,52.4,90.34,2024,3
2022-11-03,South America,Supplier A,Beverages,3143,10.37,5,4.57,5697.26,2,Line 4,98.0,72.87,2022,11
2024-03-10,Africa,Supplier A,Confectionery,1808,15.16,30,7.81,6295.53,7,Line 4,67.68,72.78,2024,3
2024-05-15,Europe,Supplier A,Pet Care,4907,14.69,26,1.25,8581.52,14,Line 4,89.37,80.99,2024,5
2023-05-11,Asia,Supplier A,Dairy Products,1901,8.61,15,6.07,2682.71,7,Line 2,86.65,79.25,2023,5
2023-01-21,North America,Supplier D,Prepared Foods,1835,6.09,11,7.54,8155.62,9,Line 2,82.54,72.24,2023,1
2023-10-30,Europe,Supplier C,Frozen Foods,1681,4.75,3,5.47,6820.45,2,Line 2,93.81,99.28,2023,10
2024-02-02,Europe,Supplier A,Frozen Foods,4431,8.57,17,4.64,5971.51,2,Line 2,77.94,71.91,2024,2
2023-03-02,North America,Supplier D,Prepared Foods,2244,15.69,4,4.28,6453.72,15,Line 2,95.85,98.56,2023,3
2023-12-10,Europe,Supplier C,Prepared Foods,4851,14.93,3,1.6,6723.17,2,Line 1,93.14,85.34,2023,12
2023-01-05,Asia,Supplier A,Frozen Foods,1526,1.28,18,2.53,1341.11,2,Line 1,68.16,73.52,2023,1
2023-09-24,North America,Supplier B,Confectionery,3465,4.1,27,2.04,2676.18,9,Line 4,58.69,94.6,2023,9
2023-09-26,Asia,Supplier A,Pet Care,1702,17.94,17,4.48,5390.81,2,Line 4,65.91,76.65,2023,9
2023-02-21,Asia,Supplier C,Beverages,1611,6.27,5,5.33,8181.64,13,Line 1,74.78,75.24,2023,2
2022-12-20,Europe,Supplier A,Pet Care,2776,4.61,8,2.18,1167.56,8,Line 3,64.62,83.6,2022,12
2024-03-02,South America,Supplier D,Ice Cream,975,18.84,28,1.77,4738.31,8,Line 2,74.0,86.44,2024,3
2022-08-11,Africa,Supplier D,Frozen Foods,1235,17.95,26,7.99,6372.24,12,Line 2,90.73,92.33,2022,8
2024-04-16,Europe,Supplier B,Frozen Foods,2856,2.69,22,6.05,6932.57,11,Line 3,78.07,89.5,2024,4
2024-03-28,North America,Supplier D,Pet Care,997,14.74,20,4.48,9787.41,10,Line 3,66.88,80.84,2024,3
2023-06-15,Asia,Supplier C,Baking Products,3693,7.84,11,6.5,8649.89,9,Line 3,85.09,93.76,2023,6
2024-02-29,North America,Supplier A,Prepared Foods,3200,15.45,18,9.65,8130.37,10,Line 4,95.83,73.43,2024,2
2023-07-08,North America,Supplier A,Dairy Products,1949,5.82,27,2.34,5566.26,7,Line 2,71.75,91.42,2023,7
2023-03-27,Africa,Supplier B,Beverages,1382,1.46,19,1.11,3465.04,4,Line 2,51.18,80.97,2023,3
2023-01-28,Africa,Supplier A,Baking Products,3650,4.38,13,3.27,1246.05,5,Line 1,81.02,77.86,2023,1
2023-10-29,North America,Supplier B,Frozen Foods,2927,19.76,27,1.41,1418.31,10,Line 1,68.39,80.33,2023,10
2022-12-20,North America,Supplier D,Baking Products,4618,12.02,15,6.78,2319.73,14,Line 3,97.2,97.72,2022,12
2023-04-02,Asia,Supplier A,Frozen Foods,2551,7.67,17,3.45,4373.72,5,Line 1,56.82,92.93,2023,4
2023-07-19,South America,Supplier B,Baby Foods,3573,14.03,27,5.4,2088.62,8,Line 1,55.06,75.26,2023,7
2023-03-09,Europe,Supplier C,Confectionery,442,2.26,5,2.43,1860.88,10,Line 1,52.7,98.44,2023,3
2022-07-26,South America,Supplier B,Ice Cream,2359,9.67,30,7.44,4829.18,13,Line 4,83.43,74.71,2022,7
2024-02-10,Europe,Supplier C,Baking Products,1810,14.78,3,4.06,4725.87,9,Line 4,94.04,71.59,2024,2
2023-12-07,Asia,Supplier D,Dairy Products,121,2.77,7,8.13,730.41,4,Line 2,55.26,93.68,2023,12
2022-11-21,North America,Supplier D,Beverages,2671,1.54,29,9.53,1209.41,9,Line 4,75.21,97.21,2022,11
2024-05-29,Africa,Supplier C,Confectionery,2535,7.82,22,3.85,9587.22,14,Line 2,62.84,93.41,2024,5
2024-04-03,South America,Supplier B,Baking Products,1165,11.32,7,9.39,5772.69,1,Line 3,76.0,89.41,2024,4
2023-01-23,North America,Supplier B,Baking Products,3330,1.47,1,5.18,4687.99,5,Line 3,94.83,74.37,2023,1
2023-09-20,Africa,Supplier B,Beverages,3056,19.9,27,3.31,3638.5,7,Line 3,85.63,76.2,2023,9
2022-07-02,Asia,Supplier B,Prepared Foods,266,9.26,30,5.84,5813.62,10,Line 2,53.34,82.0,2022,7
2023-06-07,North America,Supplier D,Dairy Products,480,16.25,18,2.3,4092.55,1,Line 2,63.96,75.14,2023,6
2023-05-30,South America,Supplier B,Ice Cream,4599,4.9,27,9.88,9071.01,14,Line 2,82.66,73.88,2023,5
2022-12-27,South America,Supplier B,Confectionery,1547,17.45,2,4.67,3286.61,1,Line 2,95.46,98.72,2022,12
2023-06-27,Asia,Supplier D,Prepared Foods,4985,13.64,2,1.92,192.34,12,Line 3,50.46,85.77,2023,6
2023-01-24,Africa,Supplier D,Beverages,3609,1.71,25,5.95,6684.85,7,Line 1,72.04,94.4,2023,1
2023-12-06,South America,Supplier C,Beverages,3683,16.41,22,9.33,8038.25,13,Line 3,81.95,86.38,2023,12
2023-10-03,North America,Supplier B,Cereals,3900,16.28,21,4.8,4629.41,14,Line 1,56.75,89.25,2023,10
2022-06-19,North America,Supplier D,Ice Cream,2637,1.29,27,1.73,5051.22,10,Line 1,94.41,82.06,2022,6
2022-12-21,Asia,Supplier C,Dairy Products,1386,11.53,18,3.58,8825.97,9,Line 1,98.58,83.77,2022,12
2024-01-12,Asia,Supplier C,Prepared Foods,2403,19.03,13,8.83,5129.29,6,Line 1,50.71,73.71,2024,1
2022-09-17,Europe,Supplier A,Confectionery,3032,10.89,12,1.96,8243.34,5,Line 1,82.11,85.02,2022,9
2023-09-02,Africa,Supplier A,Baby Foods,1947,10.64,8,9.11,768.15,10,Line 1,98.18,90.8,2023,9
2023-08-10,Europe,Supplier D,Dairy Products,843,19.71,29,4.61,5684.68,2,Line 4,93.6,70.16,2023,8
2023-11-25,North America,Supplier D,Prepared Foods,867,6.64,20,8.47,3772.27,8,Line 3,77.66,91.94,2023,11
2023-03-17,South America,Supplier D,Dairy Products,4561,10.32,1,5.43,2172.94,1,Line 1,84.8,80.49,2023,3
2022-06-30,North America,Supplier D,Dairy Products,2728,1.91,27,5.68,7262.49,5,Line 2,84.87,72.48,2022,6
2023-10-05,South America,Supplier A,Ice Cream,2419,19.26,20,3.38,7034.93,2,Line 2,50.51,90.26,2023,10
2023-07-12,South America,Supplier C,Confectionery,4560,13.29,27,6.01,7182.6,1,Line 4,70.0,89.36,2023,7
2024-02-15,North America,Supplier B,Frozen Foods,4954,14.27,13,6.87,1791.68,12,Line 2,58.25,83.24,2024,2
2023-09-06,Africa,Supplier B,Cereals,1647,19.44,18,1.13,116.92,7,Line 2,89.88,90.83,2023,9
2023-04-09,North America,Supplier C,Dairy Products,1497,18.88,9,8.74,3041.1,4,Line 3,96.25,85.34,2023,4
2022-09-11,South America,Supplier D,Prepared Foods,1584,4.17,15,5.52,9011.28,5,Line 1,85.03,96.43,2022,9
2022-08-30,Europe,Supplier D,Baking Products,632,7.69,29,3.91,5958.65,8,Line 4,90.41,84.44,2022,8
2023-09-24,Africa,Supplier D,Dairy Products,1401,5.87,6,5.23,2102.35,10,Line 1,96.33,79.83,2023,9
2023-04-22,Europe,Supplier C,Confectionery,1664,3.53,8,5.52,6344.63,4,Line 3,71.9,70.03,2023,4
2023-11-15,Asia,Supplier C,Frozen Foods,942,14.36,20,3.85,9620.8,3,Line 1,70.52,86.09,2023,11
2023-10-29,Africa,Supplier B,Cereals,1821,8.61,14,4.63,4023.44,3,Line 3,55.69,70.48,2023,10
2023-11-03,South America,Supplier D,Prepared Foods,1614,13.67,22,2.64,5357.39,8,Line 2,56.1,79.23,2023,11
2023-04-28,Africa,Supplier A,Confectionery,393,17.7,9,1.56,1550.07,2,Line 1,51.02,88.85,2023,4
2022-08-07,North America,Supplier A,Cereals,4290,2.93,21,8.93,2980.09,11,Line 1,62.92,82.45,2022,8
2023-06-29,North America,Supplier D,Ice Cream,1827,14.07,13,5.78,2180.39,5,Line 2,77.27,82.76,2023,6
2023-12-23,North America,Supplier D,Dairy Products,3854,8.52,3,4.06,3579.22,13,Line 4,55.4,85.52,2023,12
2023-01-14,Asia,Supplier C,Beverages,4165,12.25,17,8.1,4317.84,10,Line 1,97.75,83.16,2023,1
2023-12-26,Asia,Supplier A,Beverages,4418,17.65,5,1.52,8858.5,6,Line 2,54.38,75.77,2023,12
2023-03-30,North America,Supplier C,Frozen Foods,3846,8.66,14,7.4,8872.05,5,Line 3,60.52,91.85,2023,3
2023-03-27,South America,Supplier C,Ice Cream,2047,12.45,23,3.2,5281.96,10,Line 2,58.35,90.89,2023,3
2023-12-16,Asia,Supplier D,Prepared Foods,2518,18.66,4,6.12,1588.4,13,Line 1,80.69,97.96,2023,12
2023-01-03,Asia,Supplier B,Frozen Foods,4423,16.46,13,3.44,8537.32,9,Line 1,51.83,95.2,2023,1
2022-07-20,North America,Supplier C,Frozen Foods,1613,2.31,4,6.34,653.46,11,Line 4,58.9,96.72,2022,7
2023-01-15,South America,Supplier C,Pet Care,4410,15.96,20,9.55,3549.58,1,Line 3,73.43,82.76,2023,1
2024-05-14,North America,Supplier D,Pet Care,564,4.35,9,6.38,1625.6,15,Line 1,83.57,86.16,2024,5
2022-06-04,South America,Supplier D,Ice Cream,4650,3.61,11,1.26,946.59,6,Line 1,64.74,94.28,2022,6
2023-06-16,North America,Supplier A,Confectionery,2493,2.21,10,4.59,483.19,13,Line 4,77.75,86.43,2023,6
2023-06-26,Asia,Supplier D,Dairy Products,4684,11.02,24,1.48,6970.56,9,Line 3,86.68,83.86,2023,6
2023-11-25,Africa,Supplier C,Cereals,4221,4.75,20,6.05,1252.83,14,Line 3,89.48,74.57,2023,11
2022-12-17,Asia,Supplier A,Baking Products,4108,18.39,16,5.18,2343.32,2,Line 4,55.31,71.11,2022,12
2023-04-23,Africa,Supplier A,Ice Cream,2801,13.63,9,1.84,791.27,14,Line 4,74.91,74.02,2023,4
2023-12-21,Africa,Supplier B,Prepared Foods,2727,12.32,26,9.76,1350.78,13,Line 1,98.6,74.92,2023,12
2022-09-26,Asia,Supplier B,Baking Products,3131,15.71,13,2.22,1803.32,12,Line 1,89.45,99.31,2022,9
2022-08-19,Africa,Supplier A,Ice Cream,1503,11.67,11,7.48,1533.13,2,Line 2,66.31,81.62,2022,8
2023-08-24,Europe,Supplier A,Frozen Foods,2127,4.6,21,7.71,4932.8,11,Line 2,81.03,87.2,2023,8
2024-05-13,North America,Supplier C,Ice Cream,1695,14.76,11,8.7,4415.01,5,Line 1,93.14,98.23,2024,5
2022-07-17,Africa,Supplier D,Frozen Foods,2627,18.65,14,2.37,9846.56,1,Line 4,95.23,70.12,2022,7
2022-08-31,Europe,Supplier B,Prepared Foods,3129,14.19,16,5.14,1851.02,9,Line 3,55.28,75.12,2022,8
2024-05-11,South America,Supplier A,Confectionery,4141,3.5,26,1.02,7191.11,15,Line 4,51.02,73.7,2024,5
2022-12-04,Europe,Supplier A,Dairy Products,3502,9.56,26,8.24,4313.15,3,Line 1,63.24,82.8,2022,12
2022-10-06,South America,Supplier A,Baking Products,883,13.04,3,6.4,281.52,11,Line 4,98.05,90.37,2022,10
2023-05-24,North America,Supplier A,Dairy Products,51,4.88,15,7.22,6354.03,11,Line 3,83.12,87.32,2023,5
2023-04-14,South America,Supplier A,Beverages,707,2.68,6,5.92,2368.92,8,Line 3,85.79,93.86,2023,4
2023-12-24,North America,Supplier D,Cereals,305,3.43,3,4.65,199.03,2,Line 3,58.2,90.84,2023,12
2023-07-10,Europe,Supplier C,Prepared Foods,526,16.34,27,6.45,9208.38,15,Line 2,74.2,76.85,2023,7
2024-01-28,North America,Supplier A,Confectionery,4395,1.59,5,5.43,9254.16,8,Line 3,75.61,99.12,2024,1
2023-06-25,Africa,Supplier A,Dairy Products,2477,17.27,4,7.05,484.48,1,Line 2,91.4,83.54,2023,6
2023-03-18,North America,Supplier C,Dairy Products,2593,12.82,4,9.47,1178.05,12,Line 1,90.29,97.74,2023,3
2022-10-27,Europe,Supplier D,Frozen Foods,125,6.52,10,9.79,5058.4,5,Line 4,81.15,71.45,2022,10
2022-08-04,North America,Supplier D,Frozen Foods,396,14.73,29,3.48,3549.83,6,Line 1,87.61,89.7,2022,8
2023-03-16,Africa,Supplier A,Baby Foods,3002,1.27,21,3.48,5079.84,2,Line 3,73.98,90.32,2023,3
2024-04-26,Europe,Supplier D,Prepared Foods,3588,5.31,15,3.45,5308.73,1,Line 3,66.22,83.58,2024,4
2023-12-22,North America,Supplier D,Prepared Foods,3067,4.11,7,9.44,5235.46,13,Line 3,83.4,87.33,2023,12
2023-06-22,North America,Supplier A,Ice Cream,4728,9.58,8,7.99,254.45,1,Line 2,83.81,74.31,2023,6
2023-06-10,Europe,Supplier A,Baking Products,1752,2.91,18,4.42,865.98,11,Line 2,86.53,90.05,2023,6
2023-12-22,Asia,Supplier B,Beverages,2693,6.78,14,6.0,2770.26,4,Line 2,53.36,76.14,2023,12
2023-10-04,North America,Supplier C,Ice Cream,3697,3.55,27,6.23,2022.37,13,Line 2,69.32,74.39,2023,10
2023-11-04,Europe,Supplier B,Cereals,3508,2.74,3,1.04,8897.29,13,Line 4,86.75,97.99,2023,11
2023-04-25,Europe,Supplier C,Baking Products,1535,18.95,4,5.13,467.18,5,Line 2,91.46,92.43,2023,4
2024-01-31,North America,Supplier B,Cereals,3128,18.12,26,3.28,2580.3,1,Line 1,75.65,73.6,2024,1
2023-09-26,Africa,Supplier D,Baking Products,4840,13.29,30,5.09,9605.18,10,Line 1,74.27,79.68,2023,9
2023-06-09,North America,Supplier C,Baby Foods,3114,15.59,8,6.0,3040.98,2,Line 2,59.93,99.93,2023,6
2022-08-30,North America,Supplier D,Beverages,4862,9.41,11,8.88,8644.09,11,Line 3,80.23,73.17,2022,8
2023-03-10,Europe,Supplier A,Baby Foods,3183,19.15,11,5.32,3041.67,8,Line 3,61.38,72.47,2023,3
2024-02-03,Asia,Supplier D,Cereals,456,4.99,18,5.83,4814.66,5,Line 1,80.04,91.1,2024,2
2024-01-28,North America,Supplier A,Ice Cream,3875,18.44,17,4.8,1382.04,11,Line 4,91.72,82.36,2024,1
2023-11-06,South America,Supplier D,Prepared Foods,4004,7.04,2,5.74,7092.41,1,Line 3,90.29,79.85,2023,11
2022-06-20,Africa,Supplier B,Dairy Products,4756,9.17,9,8.64,4275.61,7,Line 1,59.0,86.14,2022,6
2023-09-21,Africa,Supplier B,Pet Care,3273,7.87,16,5.02,4860.51,1,Line 4,67.88,85.34,2023,9
2022-12-27,North America,Supplier B,Ice Cream,1420,11.0,13,6.6,8576.95,3,Line 4,70.77,71.12,2022,12
2024-02-21,North America,Supplier A,Beverages,1528,16.3,4,1.01,9386.31,5,Line 3,57.07,74.19,2024,2
2023-08-27,Europe,Supplier C,Pet Care,3976,14.88,20,9.57,1542.62,2,Line 1,68.87,92.18,2023,8
2023-09-17,Africa,Supplier B,Ice Cream,2525,18.32,17,1.0,3919.39,1,Line 3,97.09,97.71,2023,9
2024-05-05,North America,Supplier A,Baby Foods,1181,18.75,5,8.88,9116.79,4,Line 2,50.75,85.02,2024,5
2023-10-29,North America,Supplier B,Dairy Products,3467,8.04,24,8.97,3299.62,14,Line 2,97.64,85.37,2023,10
2022-10-01,Africa,Supplier A,Prepared Foods,471,10.76,15,2.6,1231.12,1,Line 4,86.0,99.23,2022,10
2022-11-08,Asia,Supplier B,Baking Products,4197,12.96,4,5.21,8635.4,8,Line 3,99.34,93.03,2022,11
2024-01-10,Europe,Supplier C,Frozen Foods,3463,9.36,13,6.5,3207.93,15,Line 1,56.09,85.64,2024,1
2023-12-06,South America,Supplier B,Ice Cream,3588,16.77,18,5.56,9316.38,14,Line 1,98.71,98.03,2023,12
2022-09-21,North America,Supplier D,Ice Cream,1927,3.98,4,5.45,3282.01,14,Line 2,86.1,77.35,2022,9
2023-12-11,Africa,Supplier A,Baby Foods,2108,10.56,13,8.21,2930.19,5,Line 4,94.54,98.43,2023,12
2023-05-03,North America,Supplier A,Ice Cream,3283,2.63,13,4.46,2904.92,1,Line 4,77.62,99.26,2023,5
2022-12-01,North America,Supplier B,Baby Foods,4503,12.94,8,7.85,5947.5,7,Line 4,91.94,95.22,2022,12
2023-01-23,North America,Supplier C,Pet Care,651,8.18,18,9.84,7526.93,5,Line 1,67.19,72.97,2023,1
2024-01-20,Africa,Supplier D,Baking Products,2982,10.02,1,4.59,7907.03,12,Line 3,99.22,76.82,2024,1
2023-07-23,Africa,Supplier D,Dairy Products,558,10.91,30,4.32,4597.47,6,Line 2,56.47,98.09,2023,7
2024-05-07,North America,Supplier A,Prepared Foods,4286,5.08,11,4.13,6046.03,5,Line 4,53.57,80.49,2024,5
2024-02-15,Europe,Supplier C,Baking Products,2995,17.08,23,6.76,642.88,1,Line 2,84.91,79.84,2024,2
2023-09-27,North America,Supplier C,Dairy Products,1180,8.91,2,6.2,1310.44,12,Line 4,72.96,88.11,2023,9
2023-01-08,South America,Supplier D,Baking Products,394,3.58,4,2.3,5857.18,8,Line 1,65.71,74.5,2023,1
2024-04-15,South America,Supplier D,Ice Cream,4651,12.19,4,6.39,2955.48,6,Line 2,66.96,96.41,2024,4
2023-01-20,Europe,Supplier A,Pet Care,3477,4.26,11,2.95,6811.27,4,Line 4,73.32,77.69,2023,1
2022-12-27,North America,Supplier B,Baking Products,4520,17.11,7,6.2,5948.89,12,Line 3,87.18,76.25,2022,12
2023-03-21,Europe,Supplier B,Baby Foods,592,4.77,26,7.43,2664.77,4,Line 4,61.87,71.79,2023,3
2022-11-28,Asia,Supplier C,Prepared Foods,645,5.77,24,7.44,4672.71,15,Line 3,68.78,86.66,2022,11
2024-05-07,South America,Supplier C,Confectionery,3457,18.86,26,6.75,5269.01,7,Line 2,94.43,81.57,2024,5
2022-09-18,South America,Supplier B,Beverages,1304,13.83,30,5.82,7019.47,12,Line 2,52.1,93.59,2022,9
2024-04-21,North America,Supplier A,Beverages,2254,19.18,10,1.06,1220.38,8,Line 2,55.95,70.57,2024,4
2024-05-17,Asia,Supplier B,Beverages,2399,19.24,6,9.44,8263.27,12,Line 2,58.79,92.83,2024,5
2022-06-23,North America,Supplier D,Prepared Foods,225,11.95,8,7.53,3511.14,10,Line 2,85.26,97.26,2022,6
2023-05-29,Europe,Supplier B,Pet Care,789,11.31,25,7.93,1640.44,14,Line 3,69.72,82.73,2023,5
2022-12-08,South America,Supplier A,Ice Cream,3139,9.64,1,5.68,2307.82,9,Line 3,60.34,98.14,2022,12
2023-10-13,North America,Supplier B,Beverages,1071,5.28,21,3.04,5730.77,7,Line 3,94.42,88.82,2023,10
2022-09-07,South America,Supplier B,Beverages,1028,3.38,24,3.57,1275.18,12,Line 3,65.68,72.02,2022,9
2023-03-06,Africa,Supplier C,Pet Care,2753,11.23,3,6.81,4050.31,4,Line 4,77.86,98.32,2023,3
2023-08-12,Asia,Supplier B,Baking Products,3349,1.97,15,4.69,4564.23,13,Line 2,92.08,98.99,2023,8
2023-02-19,Asia,Supplier B,Beverages,2081,15.35,14,1.27,8118.44,15,Line 2,56.52,74.07,2023,2
2022-11-26,North America,Supplier B,Confectionery,4205,13.04,8,5.91,8652.59,8,Line 4,58.14,94.11,2022,11
2022-12-21,South America,Supplier A,Baby Foods,1918,9.91,12,4.23,7400.06,6,Line 2,90.24,75.47,2022,12
2024-03-17,Europe,Supplier D,Baking Products,2856,2.26,30,1.27,822.92,7,Line 1,65.22,99.24,2024,3
2023-05-15,North America,Supplier D,Baby Foods,2476,17.02,18,1.92,8677.41,13,Line 2,92.79,77.12,2023,5
2024-02-26,Europe,Supplier A,Confectionery,3075,14.29,12,9.55,5630.37,15,Line 2,63.86,77.27,2024,2
2022-10-18,North America,Supplier D,Frozen Foods,1229,11.54,29,7.4,4738.17,4,Line 3,65.99,91.91,2022,10
2022-12-03,South America,Supplier C,Pet Care,1747,6.86,20,5.09,9802.05,7,Line 4,95.95,93.35,2022,12
2023-01-16,Europe,Supplier B,Dairy Products,2626,18.22,21,4.17,3834.22,6,Line 2,87.25,84.48,2023,1
2023-05-27,Europe,Supplier D,Cereals,4461,6.87,11,9.93,9058.36,11,Line 1,60.06,98.58,2023,5
2023-03-13,North America,Supplier D,Ice Cream,2086,5.49,21,6.38,2589.14,3,Line 3,71.2,96.87,2023,3
2023-07-29,Africa,Supplier A,Frozen Foods,290,17.26,5,7.2,7912.18,7,Line 2,88.15,95.49,2023,7
2023-07-26,North America,Supplier D,Beverages,3090,13.34,28,6.85,5552.32,11,Line 4,87.18,70.04,2023,7
2023-07-31,South America,Supplier A,Baby Foods,163,16.59,28,9.41,1088.83,13,Line 1,80.4,87.91,2023,7
2023-03-14,Africa,Supplier C,Confectionery,1522,13.01,20,2.53,5319.26,11,Line 4,78.24,78.02,2023,3
2022-09-22,Asia,Supplier C,Baby Foods,4089,10.19,11,7.25,698.46,5,Line 3,91.48,93.06,2022,9
2024-02-05,South America,Supplier D,Frozen Foods,4754,9.98,13,9.92,7865.69,12,Line 2,79.06,83.54,2024,2
2022-08-27,Asia,Supplier B,Frozen Foods,4731,15.37,26,7.22,6297.94,11,Line 2,87.33,90.31,2022,8
2023-05-26,South America,Supplier D,Ice Cream,2944,1.81,24,9.59,4879.99,4,Line 2,65.24,98.3,2023,5
2023-06-06,Europe,Supplier D,Cereals,3022,3.9,25,2.48,7980.71,2,Line 3,80.58,83.11,2023,6
2024-02-23,North America,Supplier D,Ice Cream,2143,10.51,11,9.75,6318.15,6,Line 2,54.82,72.93,2024,2
2023-01-13,Asia,Supplier A,Baby Foods,4841,14.83,13,4.55,6906.1,9,Line 2,88.05,91.71,2023,1
2023-08-12,Asia,Supplier C,Beverages,4438,5.99,7,3.14,1482.62,9,Line 4,91.79,83.9,2023,8
2022-10-14,Asia,Supplier D,Beverages,3454,14.49,29,8.18,9925.79,3,Line 3,70.51,82.45,2022,10
2022-12-28,Asia,Supplier A,Baby Foods,4143,7.61,13,4.59,7158.87,6,Line 3,94.44,76.71,2022,12
2023-04-14,Africa,Supplier B,Beverages,3066,2.38,30,8.09,3869.83,12,Line 2,55.94,80.58,2023,4
2023-04-11,North America,Supplier B,Prepared Foods,4733,12.75,3,6.04,1652.96,11,Line 1,66.39,74.5,2023,4
2024-02-26,North America,Supplier C,Pet Care,4602,5.2,10,8.24,6529.76,12,Line 2,95.73,92.12,2024,2
2024-02-17,Europe,Supplier C,Ice Cream,3295,11.85,28,9.05,1970.82,14,Line 4,96.82,95.21,2024,2
2023-02-19,Europe,Supplier B,Baby Foods,2000,7.6,29,6.84,620.85,12,Line 1,77.24,83.42,2023,2
2023-03-20,South America,Supplier C,Baking Products,3524,16.51,3,8.59,4512.93,15,Line 4,87.69,82.23,2023,3
2024-04-11,Africa,Supplier B,Frozen Foods,3247,9.07,23,9.76,6067.35,8,Line 2,62.79,87.14,2024,4
2022-10-12,Europe,Supplier A,Baby Foods,2715,15.67,2,4.21,5937.98,10,Line 2,52.03,97.67,2022,10
2023-09-19,Asia,Supplier A,Pet Care,2257,18.56,6,6.9,9985.11,3,Line 2,59.53,96.23,2023,9
2022-08-10,Asia,Supplier B,Confectionery,2586,18.91,14,5.27,9889.72,4,Line 4,52.02,75.25,2022,8
2024-04-05,North America,Supplier B,Baby Foods,4590,4.35,2,1.76,7768.24,4,Line 3,72.39,73.72,2024,4
2023-05-11,North America,Supplier C,Confectionery,289,17.23,21,1.52,3055.33,12,Line 2,98.56,97.46,2023,5
2024-01-07,North America,Supplier D,Beverages,364,15.3,26,1.77,6939.18,11,Line 3,80.12,71.53,2024,1
2023-01-01,North America,Supplier A,Frozen Foods,3887,12.75,27,6.94,4521.54,3,Line 4,60.3,78.06,2023,1
2022-08-16,North America,Supplier D,Prepared Foods,559,2.42,7,1.84,6402.14,10,Line 1,97.75,78.6,2022,8
2022-10-26,Africa,Supplier C,Confectionery,4389,15.33,4,9.81,4659.83,14,Line 1,55.75,79.81,2022,10
2022-08-31,North America,Supplier B,Dairy Products,4992,8.92,21,4.36,4260.23,11,Line 3,82.12,75.1,2022,8
2023-02-18,South America,Supplier D,Beverages,4549,3.75,13,7.26,4927.17,11,Line 4,78.13,76.82,2023,2
2022-06-27,North America,Supplier D,Baking Products,3603,12.57,26,7.33,8429.22,5,Line 2,54.56,84.34,2022,6
2022-08-20,Africa,Supplier A,Beverages,3885,11.15,3,6.25,2679.48,2,Line 3,66.57,76.13,2022,8
2024-05-07,Asia,Supplier B,Baby Foods,4965,4.12,23,8.91,1612.72,7,Line 1,53.57,85.09,2024,5
2023-09-28,Asia,Supplier C,Cereals,801,18.2,8,5.39,8123.0,15,Line 3,79.36,80.36,2023,9
2023-04-20,North America,Supplier B,Pet Care,628,12.02,20,9.07,8066.66,4,Line 1,68.06,71.56,2023,4
2023-07-10,Asia,Supplier A,Ice Cream,734,12.64,5,1.21,1590.34,10,Line 1,63.92,97.41,2023,7
2022-11-15,Africa,Supplier B,Frozen Foods,327,10.39,3,9.69,2075.4,5,Line 3,68.85,95.99,2022,11
2023-06-04,Europe,Supplier A,Frozen Foods,1984,6.27,12,6.82,4997.79,5,Line 3,52.91,94.1,2023,6
2023-12-23,Europe,Supplier A,Confectionery,2706,18.88,15,9.03,8528.82,10,Line 1,78.48,82.56,2023,12
2023-12-02,Asia,Supplier B,Confectionery,502,13.32,14,7.84,2696.72,12,Line 1,92.31,98.08,2023,12
2024-01-18,Asia,Supplier C,Ice Cream,2775,5.72,30,3.22,3423.82,14,Line 4,52.2,87.4,2024,1
2024-01-21,South America,Supplier B,Prepared Foods,2593,15.14,23,3.78,6513.29,5,Line 1,73.88,80.05,2024,1
2022-09-13,Africa,Supplier B,Frozen Foods,4756,15.13,27,6.61,6720.42,9,Line 4,73.02,82.82,2022,9
2024-04-03,Europe,Supplier C,Frozen Foods,2484,17.55,10,1.85,4653.08,1,Line 2,68.27,81.25,2024,4
2024-04-21,South America,Supplier C,Baking Products,4874,1.35,11,4.23,3928.35,11,Line 2,93.69,96.9,2024,4
2022-10-25,South America,Supplier A,Confectionery,2414,17.89,20,5.59,6516.64,10,Line 2,85.24,98.67,2022,10
2022-09-06,North America,Supplier C,Dairy Products,2328,8.82,16,8.93,5075.08,6,Line 1,67.55,80.35,2022,9
2023-05-07,Europe,Supplier C,Baby Foods,3406,1.61,30,9.82,822.34,7,Line 4,80.29,73.41,2023,5
2023-02-22,Africa,Supplier C,Pet Care,94,13.74,1,2.36,196.77,3,Line 2,52.08,84.12,2023,2
2023-12-06,Asia,Supplier D,Ice Cream,2252,18.22,10,4.77,4503.01,3,Line 3,81.42,88.69,2023,12
2023-05-11,Asia,Supplier A,Pet Care,1981,2.43,13,1.86,6186.8,2,Line 2,65.04,98.54,2023,5
2024-01-15,Asia,Supplier C,Baking Products,1434,1.57,9,2.58,8931.3,9,Line 2,67.58,81.31,2024,1
2023-01-22,North America,Supplier A,Confectionery,3987,16.36,1,1.7,4062.11,2,Line 4,97.86,91.06,2023,1
2023-04-06,Europe,Supplier B,Pet Care,1564,9.78,23,7.17,6943.84,3,Line 2,99.02,84.02,2023,4
2024-02-18,Africa,Supplier C,Baking Products,4644,7.37,14,3.62,3214.56,2,Line 3,70.46,76.27,2024,2
2023-09-15,South America,Supplier D,Beverages,1139,6.89,29,8.98,5719.31,5,Line 1,53.55,72.46,2023,9
2023-03-11,South America,Supplier A,Pet Care,2676,8.01,13,5.55,6605.74,8,Line 3,83.68,87.85,2023,3
2023-05-16,Asia,Supplier B,Confectionery,574,13.11,15,2.25,2657.62,3,Line 2,69.46,97.75,2023,5
2023-10-08,Africa,Supplier D,Confectionery,1000,13.58,16,5.23,1875.14,9,Line 3,52.72,95.94,2023,10
2022-06-18,North America,Supplier A,Confectionery,2729,19.65,22,7.96,2464.64,5,Line 4,54.23,86.06,2022,6
2023-09-24,North America,Supplier C,Prepared Foods,3331,14.11,16,9.89,9288.34,9,Line 2,70.91,90.47,2023,9
2023-08-10,Africa,Supplier D,Confectionery,2050,12.88,8,3.68,2518.39,1,Line 2,91.34,80.75,2023,8
2023-11-24,North America,Supplier A,Baby Foods,2802,17.51,23,9.54,8091.82,5,Line 3,53.92,88.92,2023,11
2023-10-14,Europe,Supplier A,Prepared Foods,2644,14.48,20,2.71,3320.44,12,Line 2,52.68,98.99,2023,10
2023-06-17,Europe,Supplier D,Ice Cream,822,3.6,22,8.59,8080.81,6,Line 1,52.62,92.14,2023,6
2024-05-15,Africa,Supplier A,Ice Cream,438,16.96,4,6.25,6563.09,9,Line 1,76.1,93.66,2024,5
2023-10-30,Europe,Supplier D,Frozen Foods,423,16.74,1,7.42,4496.82,5,Line 4,67.79,81.37,2023,10
2024-04-29,Asia,Supplier C,Confectionery,4217,7.69,26,8.38,3734.68,2,Line 4,91.54,86.15,2024,4
2023-06-18,Europe,Supplier B,Baby Foods,2261,1.5,30,1.67,1354.5,12,Line 4,54.94,87.27,2023,6
2024-02-21,South America,Supplier D,Pet Care,442,3.65,13,5.71,6178.89,4,Line 2,85.16,91.9,2024,2
2022-08-09,Europe,Supplier D,Prepared Foods,3217,7.4,8,4.13,2425.23,10,Line 3,82.92,70.24,2022,8
2022-10-06,Asia,Supplier A,Beverages,623,13.55,6,9.76,7384.19,5,Line 3,59.53,93.96,2022,10
2023-02-20,Europe,Supplier A,Beverages,1910,12.23,22,3.36,1882.56,12,Line 4,93.73,82.23,2023,2
2023-01-27,North America,Supplier A,Prepared Foods,2616,19.52,8,6.45,1349.0,14,Line 1,83.17,97.09,2023,1
2024-02-08,South America,Supplier A,Baby Foods,2822,5.13,30,5.67,8639.76,14,Line 4,93.81,94.38,2024,2
2022-12-02,Europe,Supplier D,Beverages,1338,11.82,19,4.83,7860.29,5,Line 3,99.27,83.47,2022,12
2023-09-18,Asia,Supplier B,Ice Cream,4103,17.24,1,9.6,6782.07,13,Line 2,90.12,91.36,2023,9
2022-09-26,Africa,Supplier A,Pet Care,627,3.26,24,9.95,8518.93,13,Line 1,84.93,99.99,2022,9
2022-12-11,Europe,Supplier C,Frozen Foods,3292,6.73,2,4.0,3889.5,2,Line 4,71.79,79.26,2022,12
2023-02-03,Asia,Supplier C,Ice Cream,3044,1.46,2,6.97,3530.13,6,Line 2,73.77,86.5,2023,2
2022-09-16,Europe,Supplier D,Pet Care,1680,19.96,5,9.34,8174.87,15,Line 3,78.44,70.23,2022,9
2024-01-23,South America,Supplier C,Ice Cream,2796,7.6,18,5.35,8945.91,13,Line 3,77.82,91.57,2024,1
2024-01-06,Europe,Supplier C,Pet Care,3402,3.79,9,7.0,5153.91,5,Line 1,56.07,85.38,2024,1
2023-11-17,Asia,Supplier A,Frozen Foods,3919,5.06,12,6.46,1942.97,3,Line 2,83.08,75.39,2023,11
2023-11-18,Africa,Supplier D,Frozen Foods,544,4.36,23,4.83,1401.65,4,Line 1,88.8,72.73,2023,11
2023-10-06,North America,Supplier C,Ice Cream,4931,12.92,29,3.31,7429.51,6,Line 3,64.75,80.28,2023,10
2023-07-31,North America,Supplier A,Dairy Products,406,19.06,29,2.85,9176.13,11,Line 4,52.38,85.05,2023,7
2023-11-12,Africa,Supplier D,Prepared Foods,4927,15.86,4,1.6,8741.93,15,Line 1,62.3,97.89,2023,11
2024-03-21,Europe,Supplier C,Confectionery,2110,10.02,14,4.67,4381.47,9,Line 1,53.04,91.43,2024,3
2023-05-11,Europe,Supplier C,Ice Cream,2149,11.88,28,3.22,2017.66,3,Line 2,93.09,98.02,2023,5
2024-03-03,North America,Supplier D,Ice Cream,3562,1.43,5,9.42,2545.51,3,Line 2,57.61,94.9,2024,3
2023-12-25,North America,Supplier B,Frozen Foods,3863,3.73,15,7.76,3052.34,1,Line 1,87.76,97.57,2023,12
2024-01-17,North America,Supplier C,Cereals,1583,7.12,11,2.09,4136.31,8,Line 2,61.17,94.79,2024,1
2024-03-06,Africa,Supplier A,Prepared Foods,3312,12.0,11,3.17,4890.29,10,Line 3,72.32,96.21,2024,3
2024-03-28,Asia,Supplier B,Dairy Products,2920,11.63,27,4.32,7096.95,3,Line 3,55.52,89.96,2024,3
2024-04-05,Europe,Supplier C,Dairy Products,1936,9.19,5,1.82,2233.91,11,Line 3,69.08,79.4,2024,4
2023-04-05,Asia,Supplier D,Ice Cream,460,1.23,9,2.02,1706.57,10,Line 4,73.04,87.72,2023,4
2023-10-19,Africa,Supplier B,Ice Cream,4603,8.17,22,6.54,6200.09,1,Line 2,55.72,79.42,2023,10
2022-12-03,Africa,Supplier A,Confectionery,3496,11.15,3,9.28,5879.1,12,Line 2,98.19,71.42,2022,12
2022-06-04,South America,Supplier C,Baking Products,1410,4.14,3,1.57,9072.57,13,Line 1,93.25,90.83,2022,6
2024-04-13,North America,Supplier A,Confectionery,840,7.7,18,4.03,3271.17,3,Line 3,66.47,71.77,2024,4
2022-12-22,Asia,Supplier D,Dairy Products,1734,5.93,8,9.19,6602.39,9,Line 4,90.27,97.11,2022,12
2024-03-10,Africa,Supplier D,Ice Cream,697,13.91,14,5.09,609.29,14,Line 3,69.53,81.31,2024,3
2022-11-21,South America,Supplier A,Confectionery,3152,8.0,4,6.25,6572.97,12,Line 1,77.56,93.95,2022,11
2022-09-25,South America,Supplier C,Frozen Foods,2201,19.94,25,8.07,599.61,2,Line 4,99.21,83.95,2022,9
2023-06-01,North America,Supplier B,Baking Products,1537,10.94,12,4.98,8846.92,8,Line 2,75.08,81.96,2023,6
2022-07-30,North America,Supplier C,Baking Products,1402,17.52,6,9.2,4317.47,8,Line 3,95.56,84.83,2022,7
2024-05-10,South America,Supplier B,Cereals,3962,10.88,21,2.16,1793.16,2,Line 4,80.04,95.03,2024,5
2022-08-19,North America,Supplier D,Baby Foods,3432,17.49,19,8.04,7965.98,3,Line 1,83.98,83.45,2022,8
2024-04-05,North America,Supplier D,Frozen Foods,1890,9.05,5,3.26,1524.97,1,Line 4,92.15,93.22,2024,4
2022-09-09,North America,Supplier D,Baby Foods,634,18.01,28,5.96,7375.5,11,Line 4,72.37,98.42,2022,9
2022-12-31,North America,Supplier D,Cereals,3845,3.08,5,4.53,9754.92,11,Line 4,91.97,92.59,2022,12
2024-01-02,South America,Supplier A,Confectionery,3818,18.92,8,8.8,9082.97,3,Line 3,57.93,74.4,2024,1
2023-04-19,Europe,Supplier D,Dairy Products,4351,14.95,19,5.74,1549.27,6,Line 3,66.13,98.96,2023,4
2023-12-11,Europe,Supplier D,Baking Products,802,12.91,19,6.93,4569.74,3,Line 2,74.02,81.21,2023,12
2023-06-12,Europe,Supplier B,Beverages,1330,7.9,9,5.62,5784.17,6,Line 1,62.86,92.84,2023,6
2024-02-25,Africa,Supplier D,Baking Products,1051,9.45,10,3.13,2654.6,3,Line 1,78.55,94.8,2024,2
2022-10-12,Asia,Supplier D,Cereals,282,7.27,21,4.33,6366.94,7,Line 1,67.49,73.85,2022,10
2024-02-20,Asia,Supplier B,Beverages,3128,19.28,14,6.41,2090.15,11,Line 4,78.84,77.1,2024,2
2024-03-11,Africa,Supplier C,Baking Products,2235,16.76,1,6.64,4891.65,5,Line 2,70.62,74.46,2024,3
2022-08-10,South America,Supplier D,Cereals,239,14.96,8,3.21,1379.17,11,Line 3,76.85,87.28,2022,8
2023-06-30,North America,Supplier C,Dairy Products,4887,3.41,6,2.41,4341.78,2,Line 4,92.99,86.74,2023,6
2022-12-05,Africa,Supplier C,Beverages,2786,6.0,18,5.39,1558.72,9,Line 2,57.01,87.06,2022,12
2023-11-07,North America,Supplier A,Baking Products,4034,11.3,29,7.85,7150.29,2,Line 4,81.23,80.2,2023,11
2023-12-18,Asia,Supplier C,Baby Foods,2144,12.42,20,4.48,224.08,3,Line 3,78.7,99.58,2023,12
2024-01-25,Africa,Supplier D,Baking Products,4817,17.16,10,4.1,6879.48,13,Line 3,62.0,75.15,2024,1
2023-03-27,Europe,Supplier D,Baby Foods,1284,2.12,7,6.17,1703.79,11,Line 2,53.66,96.39,2023,3
2023-12-28,Africa,Supplier D,Dairy Products,3401,1.69,3,6.6,1626.55,15,Line 2,95.98,86.49,2023,12
2023-07-08,South America,Supplier A,Baby Foods,3118,6.26,5,3.67,1404.21,7,Line 1,90.95,71.92,2023,7
2022-11-02,Asia,Supplier D,Cereals,3282,19.03,29,9.73,8295.31,11,Line 2,71.77,91.34,2022,11
2023-03-16,South America,Supplier D,Pet Care,1197,15.31,7,4.46,9200.37,10,Line 2,87.41,90.38,2023,3
2024-01-17,Asia,Supplier D,Pet Care,2748,18.25,1,7.84,7355.39,9,Line 4,81.85,79.79,2024,1
2023-07-07,Europe,Supplier A,Pet Care,4581,8.1,16,3.61,6462.98,6,Line 2,77.52,70.47,2023,7
2022-10-19,North America,Supplier A,Frozen Foods,2874,3.22,27,9.22,6051.45,9,Line 1,71.68,74.26,2022,10
2023-08-28,North America,Supplier A,Frozen Foods,1124,8.86,12,4.36,5053.53,5,Line 4,82.99,83.13,2023,8
2022-09-13,Africa,Supplier A,Frozen Foods,3348,13.58,27,2.35,3149.0,8,Line 4,98.6,77.62,2022,9
2023-06-22,North America,Supplier D,Dairy Products,1601,2.59,15,1.51,8591.29,5,Line 4,74.03,79.63,2023,6
2023-06-01,Europe,Supplier C,Dairy Products,2538,18.17,18,6.65,8058.2,10,Line 2,63.76,81.1,2023,6
2023-11-15,South America,Supplier D,Confectionery,1279,15.14,1,6.49,1983.62,15,Line 4,87.33,99.04,2023,11
2022-07-28,Europe,Supplier D,Baby Foods,2702,3.89,2,3.54,3208.85,5,Line 1,71.2,79.81,2022,7
2022-06-09,Asia,Supplier A,Dairy Products,4975,17.51,2,5.5,8078.26,11,Line 1,85.81,70.16,2022,6
2023-03-19,Europe,Supplier A,Ice Cream,245,5.77,27,1.7,266.01,5,Line 4,50.84,99.87,2023,3
2023-03-17,Asia,Supplier C,Beverages,886,5.02,23,3.33,4087.89,10,Line 4,92.97,91.51,2023,3
2023-04-15,Asia,Supplier C,Baking Products,1143,5.87,23,7.57,8292.35,14,Line 2,58.82,72.35,2023,4
2023-01-30,South America,Supplier B,Ice Cream,243,3.0,22,5.17,9141.14,5,Line 2,74.39,86.92,2023,1
2023-08-25,Africa,Supplier B,Prepared Foods,586,16.89,9,5.87,1489.98,11,Line 3,57.28,95.02,2023,8
2024-03-29,Asia,Supplier A,Prepared Foods,102,11.55,14,9.67,5860.93,10,Line 3,92.44,77.55,2024,3
2023-11-20,Asia,Supplier A,Baking Products,4871,18.03,22,4.79,4840.82,14,Line 4,98.58,77.89,2023,11
2022-11-02,North America,Supplier D,Dairy Products,3301,4.41,17,5.21,2629.08,13,Line 1,54.64,83.53,2022,11
2024-04-21,South America,Supplier C,Baby Foods,4169,9.21,23,7.6,9622.29,1,Line 3,94.41,95.51,2024,4
2022-12-12,Africa,Supplier B,Confectionery,4785,18.66,24,8.93,2024.59,14,Line 3,70.83,80.93,2022,12
2022-09-19,South America,Supplier A,Cereals,3180,14.18,6,7.84,4974.07,15,Line 4,68.13,81.21,2022,9
2022-12-12,Africa,Supplier A,Baby Foods,3655,13.46,3,9.3,2707.43,7,Line 3,93.84,74.93,2022,12
2024-02-22,South America,Supplier B,Frozen Foods,1059,18.6,4,4.12,3901.54,4,Line 3,69.36,75.74,2024,2
2022-07-16,North America,Supplier D,Dairy Products,4912,3.96,20,9.76,3850.96,2,Line 3,53.96,74.03,2022,7
2024-01-13,Africa,Supplier A,Pet Care,165,6.83,19,5.33,6464.65,15,Line 3,83.62,71.85,2024,1
2023-10-09,Africa,Supplier D,Beverages,3826,6.15,7,2.06,7868.34,14,Line 1,56.98,74.77,2023,10
2024-05-15,Asia,Supplier C,Dairy Products,1303,12.85,11,4.51,7978.47,13,Line 4,83.34,88.35,2024,5
2023-10-27,South America,Supplier C,Pet Care,3771,10.0,13,2.37,3034.61,4,Line 4,52.47,97.05,2023,10
2024-05-25,Asia,Supplier C,Frozen Foods,1434,12.84,24,3.74,180.86,15,Line 4,76.24,95.54,2024,5
2024-03-25,Asia,Supplier C,Frozen Foods,2924,17.46,26,3.75,9199.67,3,Line 1,57.52,81.58,2024,3
2023-07-26,South America,Supplier B,Ice Cream,4137,14.74,13,5.86,6191.08,12,Line 3,50.68,79.44,2023,7
2023-01-23,Africa,Supplier A,Baby Foods,4510,9.31,14,2.86,4196.95,6,Line 3,77.02,70.38,2023,1
2022-05-31,Africa,Supplier C,Dairy Products,3989,13.83,2,4.11,7502.35,11,Line 2,97.98,86.56,2022,5
2022-06-23,North America,Supplier D,Pet Care,2240,4.22,11,8.59,1587.58,9,Line 1,60.7,72.74,2022,6
2023-06-05,South America,Supplier D,Confectionery,4310,16.77,14,6.6,2696.78,11,Line 3,85.18,86.85,2023,6
2023-03-07,South America,Supplier D,Beverages,299,8.01,4,6.54,6264.03,15,Line 2,56.45,82.58,2023,3
2023-04-07,Asia,Supplier C,Prepared Foods,3589,19.45,26,7.91,6732.63,14,Line 4,89.07,84.5,2023,4
2023-02-17,South America,Supplier B,Dairy Products,2464,11.18,6,3.14,2507.03,11,Line 3,57.07,73.96,2023,2
2023-03-16,Asia,Supplier D,Pet Care,2500,7.37,13,3.6,6515.33,13,Line 3,77.21,97.87,2023,3
2023-02-22,North America,Supplier B,Dairy Products,2819,16.95,4,7.02,9167.97,11,Line 1,60.77,85.7,2023,2
2022-06-12,Europe,Supplier D,Dairy Products,259,10.18,7,2.0,8397.71,7,Line 3,58.55,80.51,2022,6
2023-05-19,Africa,Supplier A,Dairy Products,1794,18.63,1,2.67,8055.69,14,Line 1,57.73,93.76,2023,5
2024-04-07,Europe,Supplier C,Confectionery,4813,12.38,27,9.93,5515.92,14,Line 3,94.8,88.14,2024,4
2023-10-22,South America,Supplier D,Frozen Foods,1669,8.65,4,2.04,1331.91,10,Line 2,71.94,83.51,2023,10
2024-05-10,North America,Supplier B,Frozen Foods,2143,19.32,4,9.99,3746.35,2,Line 4,60.14,85.3,2024,5
2022-12-12,Europe,Supplier A,Frozen Foods,4829,19.06,1,7.61,8669.76,6,Line 3,93.17,83.11,2022,12
2023-10-01,Asia,Supplier B,Beverages,392,14.81,4,9.96,7412.05,11,Line 1,73.76,73.58,2023,10
2023-04-02,Europe,Supplier C,Cereals,4859,5.9,5,5.13,4812.88,2,Line 1,55.5,84.41,2023,4
2023-06-25,Africa,Supplier C,Baking Products,2735,1.78,18,4.46,592.62,15,Line 3,77.86,82.25,2023,6
2023-06-30,North America,Supplier A,Baking Products,1518,5.44,13,8.08,812.34,1,Line 4,98.56,87.68,2023,6
2022-12-01,Africa,Supplier D,Baby Foods,1855,10.94,25,8.52,4194.23,7,Line 3,83.93,95.33,2022,12
2023-01-26,Europe,Supplier D,Cereals,948,11.64,6,4.28,8936.9,6,Line 1,73.12,79.05,2023,1
2022-12-29,South America,Supplier D,Baby Foods,2567,10.66,15,7.77,3727.12,1,Line 3,96.84,74.09,2022,12
2024-05-12,South America,Supplier A,Prepared Foods,337,16.54,1,3.78,9332.76,15,Line 3,78.89,87.8,2024,5
2024-02-28,Asia,Supplier C,Dairy Products,4919,12.62,4,3.6,5375.99,7,Line 4,88.19,91.13,2024,2
2023-04-27,Asia,Supplier B,Frozen Foods,3835,16.93,26,8.63,7553.57,3,Line 3,93.37,71.33,2023,4
2023-01-27,South America,Supplier D,Beverages,2132,18.84,23,4.57,5584.1,9,Line 4,70.31,72.1,2023,1
2024-03-30,North America,Supplier B,Pet Care,4470,4.08,24,6.45,9818.85,14,Line 1,64.31,70.84,2024,3
2022-10-05,South America,Supplier B,Baby Foods,3468,8.93,18,3.29,2123.65,4,Line 2,54.53,91.1,2022,10
2022-06-02,North America,Supplier C,Cereals,3710,18.27,11,7.64,4680.07,11,Line 1,92.34,78.76,2022,6
2024-03-04,North America,Supplier A,Baking Products,2085,16.13,13,3.45,8377.27,3,Line 4,82.77,96.86,2024,3
2022-07-04,Asia,Supplier A,Cereals,696,19.66,25,2.42,4887.31,5,Line 2,65.64,73.71,2022,7
2022-06-04,Europe,Supplier D,Baking Products,1010,16.44,13,9.34,6035.43,9,Line 4,97.89,79.63,2022,6
2023-08-22,North America,Supplier C,Prepared Foods,2782,13.56,2,3.9,2906.42,11,Line 1,75.2,88.26,2023,8
2024-03-04,North America,Supplier C,Dairy Products,2486,4.54,10,8.21,4182.25,15,Line 1,67.72,83.78,2024,3
2023-09-26,Europe,Supplier B,Pet Care,3680,5.78,29,5.31,9555.0,10,Line 3,60.63,97.11,2023,9
2023-08-17,Africa,Supplier B,Pet Care,352,2.46,14,1.0,1367.52,9,Line 4,77.18,93.7,2023,8
2024-01-03,North America,Supplier D,Cereals,4854,12.83,5,5.77,4412.17,11,Line 4,62.42,72.36,2024,1
2023-08-05,Asia,Supplier C,Confectionery,208,4.7,6,7.06,716.33,10,Line 1,75.37,93.15,2023,8
2023-11-25,Africa,Supplier B,Cereals,774,11.12,28,7.79,226.83,4,Line 3,51.0,98.72,2023,11
2022-10-01,Asia,Supplier A,Pet Care,1954,18.94,27,4.29,7528.55,4,Line 2,93.25,97.75,2022,10
2023-12-03,North America,Supplier B,Frozen Foods,841,15.79,3,1.6,6560.15,1,Line 2,88.42,72.8,2023,12
2023-01-15,Europe,Supplier D,Ice Cream,1430,5.8,14,6.68,9631.9,15,Line 3,98.52,89.4,2023,1
2023-11-09,Africa,Supplier B,Beverages,951,19.35,5,1.37,2217.85,13,Line 1,89.58,87.48,2023,11
2022-09-09,Asia,Supplier B,Baby Foods,2576,3.36,16,5.67,2234.24,7,Line 4,57.87,87.46,2022,9
2022-07-04,North America,Supplier A,Frozen Foods,3130,7.74,25,2.34,9466.49,12,Line 4,96.64,79.87,2022,7
2022-08-23,Europe,Supplier B,Dairy Products,2398,12.54,19,5.72,5885.52,5,Line 1,55.04,97.02,2022,8
2022-11-18,South America,Supplier D,Cereals,554,18.53,12,9.55,5074.9,9,Line 3,50.23,99.78,2022,11
2022-12-12,North America,Supplier B,Frozen Foods,2471,2.18,6,3.9,8142.85,3,Line 2,94.37,97.38,2022,12
2022-11-20,North America,Supplier A,Prepared Foods,2629,10.54,26,4.69,2640.46,11,Line 2,85.1,98.6,2022,11
2023-12-04,South America,Supplier D,Baking Products,635,19.75,3,9.37,5624.24,8,Line 4,59.82,73.89,2023,12
2023-03-21,Africa,Supplier C,Ice Cream,4476,16.16,1,6.98,9147.86,9,Line 3,82.76,75.55,2023,3
2024-02-21,Africa,Supplier A,Ice Cream,90,13.84,8,7.15,694.25,5,Line 3,71.31,84.73,2024,2
2023-09-30,South America,Supplier A,Frozen Foods,4485,1.41,11,5.2,1784.02,13,Line 4,96.72,79.53,2023,9
2023-01-27,Europe,Supplier C,Pet Care,4159,14.83,25,1.04,1176.65,14,Line 2,97.6,91.0,2023,1
2023-11-10,Asia,Supplier D,Beverages,925,17.47,23,8.35,8274.07,3,Line 1,96.37,87.16,2023,11
2023-04-07,Asia,Supplier B,Prepared Foods,3768,1.16,30,8.75,9095.91,6,Line 3,98.98,95.16,2023,4
2023-08-31,North America,Supplier C,Baking Products,2443,15.47,8,6.53,9876.16,11,Line 3,93.84,79.45,2023,8
2022-10-06,South America,Supplier B,Cereals,2922,15.68,19,6.71,2572.06,4,Line 3,52.43,70.49,2022,10
2023-10-16,North America,Supplier B,Pet Care,4499,2.5,22,4.88,2418.4,14,Line 3,82.48,88.84,2023,10
2023-02-07,South America,Supplier B,Ice Cream,428,10.85,17,4.83,1413.35,8,Line 4,77.09,73.51,2023,2
2023-05-28,North America,Supplier B,Baking Products,924,17.68,10,4.23,5234.27,1,Line 1,75.41,78.45,2023,5
2024-02-05,Africa,Supplier B,Ice Cream,1964,18.48,26,5.4,5877.65,12,Line 4,67.73,96.41,2024,2
2024-04-08,North America,Supplier C,Cereals,5000,4.12,12,1.29,4909.6,6,Line 2,97.38,87.15,2024,4
2023-11-09,South America,Supplier B,Prepared Foods,2605,19.71,22,2.67,9858.13,12,Line 3,50.39,78.9,2023,11
2024-03-15,Asia,Supplier C,Confectionery,254,8.41,5,1.68,8100.35,10,Line 4,60.21,87.51,2024,3
2023-11-21,Africa,Supplier D,Dairy Products,2786,7.06,4,4.0,1498.11,13,Line 4,72.75,83.1,2023,11
2023-06-10,South America,Supplier A,Ice Cream,2329,15.43,11,1.64,6365.9,12,Line 4,91.3,94.84,2023,6
2023-04-05,North America,Supplier B,Frozen Foods,3652,5.58,20,3.08,2440.93,10,Line 3,80.0,77.44,2023,4
2023-10-03,Africa,Supplier A,Ice Cream,2461,1.42,16,7.23,8014.93,3,Line 4,77.45,72.97,2023,10
2022-08-14,Europe,Supplier D,Cereals,4191,12.91,28,4.03,3988.61,5,Line 3,86.71,92.51,2022,8
2022-08-30,South America,Supplier A,Pet Care,2661,18.9,4,1.47,8389.11,7,Line 3,91.18,81.26,2022,8
2022-08-08,Africa,Supplier B,Pet Care,4577,12.06,30,3.53,8485.88,12,Line 1,92.8,91.47,2022,8
2023-04-28,Africa,Supplier C,Beverages,2181,4.69,6,6.3,2149.76,8,Line 3,95.9,95.24,2023,4
2023-06-28,Asia,Supplier A,Ice Cream,3899,4.05,8,7.09,3734.58,3,Line 4,76.45,70.79,2023,6
2022-07-05,Europe,Supplier C,Cereals,3248,15.9,6,6.33,5793.19,15,Line 1,66.67,96.61,2022,7
2023-05-15,Asia,Supplier B,Baking Products,1440,2.87,16,1.74,7688.54,11,Line 3,75.09,77.26,2023,5
2023-09-13,Africa,Supplier C,Dairy Products,363,7.46,22,2.72,9228.81,5,Line 1,78.25,97.93,2023,9
2023-02-15,Asia,Supplier B,Dairy Products,822,17.05,15,8.16,2112.29,3,Line 4,80.81,80.17,2023,2
2023-05-30,Europe,Supplier B,Confectionery,1665,11.79,20,7.58,9811.73,10,Line 4,54.32,95.68,2023,5
2023-11-16,Asia,Supplier C,Frozen Foods,2353,10.31,22,8.99,8916.94,15,Line 1,88.79,77.14,2023,11
2022-08-09,Asia,Supplier C,Pet Care,2302,2.87,16,3.03,2548.8,4,Line 3,58.97,96.87,2022,8
2022-07-08,Asia,Supplier C,Baking Products,1111,4.21,20,7.11,8836.97,1,Line 3,93.16,79.92,2022,7
2023-08-18,Asia,Supplier A,Ice Cream,1981,7.54,2,5.05,8216.37,8,Line 1,53.03,72.96,2023,8
2024-01-20,Europe,Supplier A,Baby Foods,4431,6.6,21,3.71,5924.18,4,Line 2,96.47,73.02,2024,1
2023-11-02,Africa,Supplier B,Frozen Foods,2218,4.85,13,2.85,8910.11,9,Line 2,93.7,98.51,2023,11
2022-06-21,Europe,Supplier D,Baby Foods,1932,5.79,14,1.81,5888.61,11,Line 3,85.95,85.07,2022,6
2022-12-14,North America,Supplier B,Ice Cream,4835,16.32,22,1.27,1149.2,13,Line 2,90.18,88.44,2022,12
2022-06-13,Asia,Supplier C,Beverages,2746,15.0,18,6.14,7115.82,14,Line 2,61.33,70.88,2022,6
2022-10-24,South America,Supplier D,Frozen Foods,2863,10.91,24,4.75,8253.58,10,Line 3,80.56,76.89,2022,10
2024-02-07,Africa,Supplier B,Baking Products,3103,7.48,16,8.01,4718.58,15,Line 1,90.46,79.02,2024,2
2024-01-23,Europe,Supplier A,Pet Care,3781,14.06,10,4.39,3352.93,6,Line 1,99.14,73.02,2024,1
2023-06-04,Africa,Supplier B,Baby Foods,4223,14.69,29,3.0,5060.93,3,Line 2,97.19,72.91,2023,6
2023-07-19,Africa,Supplier A,Beverages,675,8.44,29,1.71,1196.16,11,Line 2,93.95,77.9,2023,7
2024-01-29,Asia,Supplier B,Pet Care,1572,14.33,29,5.42,2102.43,8,Line 2,68.16,88.18,2024,1
2023-11-15,South America,Supplier B,Cereals,1886,2.97,13,2.31,557.25,13,Line 2,91.97,88.61,2023,11
2023-02-28,South America,Supplier D,Beverages,3070,8.98,12,4.98,723.61,2,Line 4,54.96,93.22,2023,2
2024-05-24,South America,Supplier B,Pet Care,4524,15.74,14,4.83,1577.29,15,Line 4,61.59,97.38,2024,5
2024-04-20,Europe,Supplier A,Prepared Foods,3899,7.67,9,9.3,8393.7,2,Line 1,55.48,89.46,2024,4
2022-10-31,North America,Supplier A,Baby Foods,1519,1.34,19,4.49,152.62,12,Line 1,82.95,74.01,2022,10
2022-06-23,North America,Supplier D,Baking Products,2769,2.83,2,9.95,4683.16,7,Line 1,83.73,87.79,2022,6
2023-11-18,Europe,Supplier B,Prepared Foods,1221,16.79,11,4.49,8264.38,5,Line 2,69.9,71.41,2023,11
2022-11-28,Europe,Supplier A,Beverages,2206,4.25,20,2.74,7190.5,3,Line 3,83.47,86.46,2022,11
2022-06-26,Europe,Supplier B,Dairy Products,3384,11.56,29,3.01,8881.95,1,Line 4,52.19,78.46,2022,6
2022-07-04,North America,Supplier C,Baking Products,3535,8.44,29,5.09,7026.15,4,Line 4,80.57,90.12,2022,7
2023-04-23,South America,Supplier C,Pet Care,2520,11.46,3,5.88,7473.32,14,Line 2,99.84,91.01,2023,4
2023-02-07,South America,Supplier B,Prepared Foods,1706,4.98,10,3.27,7493.1,1,Line 2,79.5,74.22,2023,2
2024-03-25,North America,Supplier D,Baking Products,4049,14.81,17,1.73,7572.27,11,Line 1,58.59,91.29,2024,3
2023-07-19,South America,Supplier D,Cereals,4242,12.22,15,7.0,4041.79,13,Line 1,68.05,80.14,2023,7
2023-07-18,Africa,Supplier A,Baking Products,3602,14.34,20,2.95,2673.14,10,Line 2,66.0,77.46,2023,7
2023-03-03,Asia,Supplier A,Prepared Foods,4677,12.76,21,3.34,2294.85,15,Line 2,66.0,98.2,2023,3
2022-10-09,Asia,Supplier A,Cereals,1094,10.54,26,9.15,679.9,12,Line 2,77.46,83.46,2022,10
2023-05-23,Africa,Supplier A,Pet Care,3753,3.94,12,1.59,1159.62,11,Line 1,84.35,84.83,2023,5
2023-02-02,North America,Supplier C,Pet Care,952,11.19,13,8.6,5697.29,8,Line 1,99.35,80.73,2023,2
2023-05-27,South America,Supplier D,Ice Cream,548,11.98,24,6.94,9766.2,3,Line 3,65.56,88.8,2023,5
2022-07-13,Europe,Supplier A,Baby Foods,2665,13.19,6,4.5,5328.93,8,Line 3,91.04,93.81,2022,7
2024-02-14,Asia,Supplier B,Cereals,940,4.15,1,9.83,8579.31,13,Line 2,68.59,85.16,2024,2
2023-05-04,Europe,Supplier C,Dairy Products,1986,13.09,5,4.88,2167.69,15,Line 2,95.78,99.27,2023,5
2023-03-01,Europe,Supplier A,Baking Products,2530,15.15,21,3.13,4598.49,11,Line 4,84.8,73.44,2023,3
2023-10-02,Europe,Supplier C,Dairy Products,806,12.73,6,6.65,1861.67,11,Line 4,87.44,76.56,2023,10
2022-08-25,Europe,Supplier D,Baby Foods,4791,5.6,23,9.0,3013.93,11,Line 2,82.98,99.5,2022,8
2024-01-06,Africa,Supplier A,Dairy Products,347,1.65,15,4.49,3766.05,5,Line 2,90.64,98.38,2024,1
2022-07-28,Africa,Supplier C,Confectionery,1536,15.59,22,1.5,1816.26,10,Line 3,79.21,95.61,2022,7
2022-09-28,South America,Supplier D,Pet Care,3466,1.26,11,6.94,3771.95,6,Line 3,59.03,87.28,2022,9
2022-11-02,Africa,Supplier C,Prepared Foods,2540,10.88,23,1.43,9178.14,4,Line 2,92.75,86.97,2022,11
2022-12-29,Africa,Supplier B,Prepared Foods,2132,6.69,6,3.99,8878.04,3,Line 2,76.36,87.25,2022,12
2022-09-24,South America,Supplier C,Frozen Foods,837,18.6,19,3.72,4560.36,13,Line 1,58.29,88.56,2022,9
2022-12-15,Africa,Supplier C,Prepared Foods,4087,9.86,26,2.59,9590.64,14,Line 3,82.98,93.17,2022,12
2022-08-22,Africa,Supplier B,Frozen Foods,665,12.37,2,4.97,1457.94,8,Line 4,68.31,83.38,2022,8
2022-10-28,South America,Supplier C,Confectionery,2062,7.88,29,3.36,6127.48,14,Line 1,98.04,98.43,2022,10
2023-10-13,Asia,Supplier C,Baby Foods,1723,11.89,13,3.6,8227.49,5,Line 2,75.1,78.09,2023,10
2024-03-27,North America,Supplier A,Confectionery,4420,7.36,26,4.21,5067.35,12,Line 2,97.19,91.68,2024,3
2024-01-03,Asia,Supplier A,Prepared Foods,1064,9.1,20,2.14,465.21,5,Line 2,75.14,83.3,2024,1
2023-03-21,North America,Supplier C,Prepared Foods,662,8.08,24,5.61,3157.92,4,Line 2,65.14,98.99,2023,3
2024-02-03,Europe,Supplier A,Baking Products,285,19.56,21,8.57,5994.38,15,Line 1,78.15,92.04,2024,2
2022-09-07,South America,Supplier C,Frozen Foods,1650,10.37,10,3.76,1740.59,7,Line 2,83.22,91.98,2022,9
2024-02-25,Asia,Supplier A,Cereals,4035,4.07,9,3.05,9130.86,4,Line 4,70.21,98.43,2024,2
2024-01-16,South America,Supplier B,Frozen Foods,4882,9.66,13,9.41,501.25,10,Line 3,90.96,90.2,2024,1
2022-07-25,Africa,Supplier C,Baby Foods,3729,5.11,15,9.02,2115.79,7,Line 2,60.31,93.28,2022,7
2023-02-17,Asia,Supplier C,Pet Care,2181,4.27,30,6.26,9269.55,10,Line 1,71.49,98.49,2023,2
2022-12-24,Asia,Supplier B,Confectionery,3173,4.93,17,7.84,464.6,11,Line 4,64.82,76.29,2022,12
2022-12-12,Africa,Supplier B,Beverages,4105,16.37,11,8.14,1618.31,1,Line 4,92.36,79.14,2022,12
2024-02-10,Asia,Supplier D,Baby Foods,4109,12.62,2,1.95,4871.39,4,Line 1,52.33,92.23,2024,2
2022-09-02,North America,Supplier C,Beverages,3295,16.48,12,6.37,9385.31,3,Line 4,80.27,86.57,2022,9
2023-12-16,Europe,Supplier B,Baking Products,3010,18.61,24,4.82,1249.71,3,Line 1,82.2,77.79,2023,12
2022-06-22,South America,Supplier B,Frozen Foods,3757,15.37,23,7.67,7815.96,6,Line 1,89.37,79.96,2022,6
2022-09-22,Africa,Supplier B,Baby Foods,1168,11.57,4,3.46,4316.13,7,Line 4,91.57,98.63,2022,9
2022-10-19,Asia,Supplier D,Beverages,2086,10.46,6,1.94,6802.82,8,Line 4,82.62,84.08,2022,10
2024-01-15,Asia,Supplier D,Confectionery,4290,13.5,20,4.3,3709.09,9,Line 4,93.77,87.49,2024,1
2022-10-20,Africa,Supplier B,Pet Care,2076,19.49,13,2.11,8189.16,2,Line 3,80.92,91.61,2022,10
2022-12-02,Europe,Supplier A,Beverages,1527,13.79,28,7.07,7372.81,9,Line 1,74.48,72.33,2022,12
2023-03-16,North America,Supplier D,Cereals,3908,5.51,24,3.12,6493.09,15,Line 3,55.65,86.37,2023,3
2023-11-04,South America,Supplier B,Cereals,272,15.67,18,2.37,4065.28,14,Line 3,80.82,74.2,2023,11
2024-02-10,South America,Supplier A,Cereals,3717,14.98,26,5.07,6473.9,6,Line 3,55.95,71.7,2024,2
2024-03-16,South America,Supplier B,Cereals,4894,1.78,1,9.08,8514.54,15,Line 2,86.31,85.54,2024,3
2022-10-17,Europe,Supplier C,Beverages,2241,13.15,1,1.77,3616.21,9,Line 3,71.52,71.69,2022,10
2023-06-01,North America,Supplier D,Frozen Foods,674,5.18,24,2.08,9928.41,9,Line 3,98.28,82.61,2023,6
2023-04-11,Asia,Supplier D,Pet Care,155,11.92,5,1.1,2045.26,15,Line 3,83.11,79.57,2023,4
2023-05-22,Asia,Supplier D,Frozen Foods,159,3.04,29,2.3,6862.89,6,Line 2,64.79,79.65,2023,5
2024-05-18,Asia,Supplier C,Pet Care,539,2.08,3,9.74,7749.21,3,Line 2,83.88,71.14,2024,5
2022-05-31,Africa,Supplier D,Frozen Foods,1947,16.33,20,3.24,1314.9,4,Line 3,60.25,90.37,2022,5
2023-09-05,Africa,Supplier B,Dairy Products,4310,6.85,5,6.01,6817.77,14,Line 3,78.98,72.03,2023,9
2022-06-28,Africa,Supplier C,Ice Cream,2840,6.14,28,8.04,413.4,8,Line 3,96.12,74.38,2022,6
2023-08-17,South America,Supplier B,Confectionery,4516,2.83,1,2.94,7174.8,11,Line 4,88.45,76.5,2023,8
2023-08-22,Asia,Supplier B,Cereals,2729,16.75,10,2.67,283.61,13,Line 4,75.2,70.28,2023,8
2022-10-23,Europe,Supplier C,Dairy Products,3800,16.04,12,7.5,6381.01,15,Line 3,75.29,82.86,2022,10
2022-11-06,Africa,Supplier A,Prepared Foods,4278,7.52,24,8.35,4961.08,11,Line 1,90.67,84.16,2022,11
2024-03-31,Europe,Supplier C,Baking Products,831,14.07,16,5.89,3268.09,1,Line 2,53.17,88.57,2024,3
2023-08-16,Africa,Supplier D,Dairy Products,347,18.37,3,3.09,2445.2,2,Line 2,64.05,76.03,2023,8
2024-01-23,South America,Supplier A,Beverages,1452,10.53,2,6.17,5570.97,5,Line 4,58.77,92.3,2024,1
2023-01-22,South America,Supplier C,Dairy Products,4640,4.97,26,5.41,9981.84,3,Line 4,64.62,75.23,2023,1
2023-12-25,North America,Supplier C,Dairy Products,3812,3.41,18,3.25,9664.97,15,Line 2,72.05,75.48,2023,12
2023-02-06,South America,Supplier A,Beverages,1199,11.03,5,9.49,1916.47,7,Line 4,91.87,95.96,2023,2
2023-06-27,Europe,Supplier A,Pet Care,1535,19.2,9,4.92,629.93,6,Line 1,87.81,71.95,2023,6
2024-02-21,Europe,Supplier A,Prepared Foods,4302,1.53,4,3.15,1856.31,14,Line 4,95.47,98.72,2024,2
2023-02-18,Europe,Supplier A,Confectionery,3678,17.66,9,5.5,1379.58,1,Line 1,68.75,88.77,2023,2
2023-05-22,South America,Supplier A,Frozen Foods,2034,12.45,28,4.8,4867.11,10,Line 4,64.41,77.37,2023,5
2022-06-17,Asia,Supplier D,Pet Care,4541,7.74,17,5.15,8634.48,8,Line 1,85.13,89.56,2022,6
2023-09-03,Europe,Supplier D,Cereals,4352,8.2,3,6.37,1646.79,3,Line 2,65.67,80.22,2023,9
2022-09-30,North America,Supplier A,Frozen Foods,2878,16.39,1,9.73,994.96,15,Line 2,84.58,70.4,2022,9
2023-06-06,Europe,Supplier C,Baby Foods,1398,4.89,3,6.37,1942.67,10,Line 4,78.58,71.18,2023,6
2023-02-26,North America,Supplier A,Beverages,85,8.59,9,3.38,7506.0,12,Line 1,58.69,99.9,2023,2
2023-05-30,South America,Supplier C,Frozen Foods,4924,19.19,3,2.56,4392.57,13,Line 1,90.84,94.24,2023,5
2023-11-24,Europe,Supplier D,Ice Cream,3600,9.51,12,9.56,804.74,3,Line 4,84.01,99.55,2023,11
2023-02-27,Europe,Supplier D,Ice Cream,3242,5.06,6,6.82,8836.14,14,Line 2,94.55,76.64,2023,2
2024-04-13,North America,Supplier C,Baking Products,1715,19.67,19,6.7,2712.79,5,Line 3,95.8,70.92,2024,4
2022-05-30,Asia,Supplier B,Confectionery,4236,15.16,21,9.7,6611.09,6,Line 2,65.07,92.14,2022,5
2024-02-08,Asia,Supplier A,Prepared Foods,4152,14.29,7,8.81,7322.9,13,Line 1,89.43,76.05,2024,2
2024-03-31,Asia,Supplier A,Confectionery,1560,1.59,14,3.24,7747.62,12,Line 1,50.35,83.93,2024,3
2024-03-20,Africa,Supplier B,Cereals,97,11.4,1,2.79,4540.9,4,Line 4,52.12,95.37,2024,3
2024-01-17,Europe,Supplier A,Beverages,476,6.31,27,7.61,1730.18,7,Line 1,93.91,77.44,2024,1
2023-04-12,Africa,Supplier C,Confectionery,3066,8.19,8,5.29,8126.09,6,Line 1,73.18,75.56,2023,4
2022-11-20,Asia,Supplier A,Baking Products,2763,15.47,15,6.17,7871.86,7,Line 4,81.75,76.27,2022,11
2022-10-25,Europe,Supplier C,Baby Foods,3981,6.88,13,3.34,948.68,9,Line 2,83.97,81.52,2022,10
2023-11-15,Africa,Supplier B,Ice Cream,4017,7.21,11,3.2,6948.42,15,Line 3,64.38,73.74,2023,11
2023-03-21,Africa,Supplier B,Ice Cream,2305,3.7,8,7.01,8441.56,12,Line 2,64.94,83.37,2023,3
2024-01-06,Asia,Supplier A,Baking Products,2987,4.57,1,4.52,4416.36,11,Line 1,60.11,87.27,2024,1
2023-08-04,Asia,Supplier D,Frozen Foods,386,11.3,14,2.98,4250.31,11,Line 1,80.08,83.9,2023,8
2022-10-16,South America,Supplier D,Confectionery,1887,14.38,16,5.07,4527.31,3,Line 4,69.18,85.22,2022,10
2023-07-29,Europe,Supplier A,Baking Products,4027,11.99,6,4.32,5041.66,5,Line 2,77.33,95.38,2023,7
2024-04-16,Europe,Supplier C,Prepared Foods,2274,18.37,5,4.88,2684.04,4,Line 1,72.42,93.48,2024,4
2023-10-20,Asia,Supplier A,Ice Cream,1197,4.73,1,1.99,1182.2,11,Line 3,79.79,91.76,2023,10
2024-03-05,North America,Supplier C,Cereals,3623,3.11,26,3.22,4046.18,14,Line 3,78.69,83.26,2024,3
2023-12-07,Asia,Supplier A,Beverages,1101,12.28,12,5.72,7220.65,7,Line 3,62.32,78.13,2023,12
2023-02-04,North America,Supplier C,Dairy Products,681,5.14,2,5.14,630.82,4,Line 4,58.2,73.86,2023,2
2023-07-21,North America,Supplier D,Ice Cream,3500,13.17,10,5.83,8089.52,3,Line 4,95.32,71.87,2023,7
2024-01-05,North America,Supplier A,Beverages,4510,4.42,10,3.42,5960.36,2,Line 4,57.6,76.69,2024,1
2023-10-20,North America,Supplier C,Baby Foods,169,12.15,13,2.06,2092.54,4,Line 4,82.7,81.9,2023,10
2023-06-27,North America,Supplier B,Dairy Products,1182,5.07,13,9.64,8371.34,6,Line 2,50.94,88.4,2023,6
2023-06-18,North America,Supplier D,Dairy Products,3850,15.87,17,7.28,7487.53,4,Line 4,73.73,72.72,2023,6
2022-06-29,Africa,Supplier A,Prepared Foods,4779,13.4,7,1.15,2089.22,12,Line 1,92.12,97.67,2022,6
2022-07-24,Asia,Supplier C,Confectionery,1902,8.93,25,3.14,7896.15,2,Line 4,80.72,95.68,2022,7
2022-06-07,South America,Supplier A,Ice Cream,3680,14.67,26,2.7,3717.06,11,Line 1,77.32,92.87,2022,6
2022-10-09,North America,Supplier D,Baking Products,1760,12.92,1,9.73,4697.37,14,Line 1,95.05,97.78,2022,10
2023-06-06,North America,Supplier D,Cereals,653,17.08,20,3.92,1762.06,14,Line 1,85.37,99.84,2023,6
2022-06-28,Asia,Supplier C,Baby Foods,144,6.44,30,7.5,3504.71,1,Line 2,87.47,98.46,2022,6
2023-08-20,Asia,Supplier B,Cereals,1709,18.65,26,2.64,3095.4,7,Line 4,54.97,75.45,2023,8
2023-09-17,Africa,Supplier C,Dairy Products,4019,8.52,29,7.42,1159.83,5,Line 1,77.65,83.35,2023,9
2022-08-18,Europe,Supplier B,Confectionery,1166,3.85,24,3.64,883.55,13,Line 3,57.19,94.53,2022,8
2023-01-07,Asia,Supplier B,Cereals,2592,17.07,15,5.82,158.98,6,Line 4,76.95,85.0,2023,1
